date	S0	S123	QobsS	Q_sim_Bittner2018
01/01/01	0.00	0.00	33.21	0
02/01/01	0.00	0.00	33.18	36.08
03/01/01	0.00	0.00	33.11	36.07
04/01/01	0.00	0.00	33.17	36.05
05/01/01	0.00	0.00	33.19	36.04
06/01/01	1.60	1.60	33.45	36.02
07/01/01	3.00	2.71	33.78	36.01
08/01/01	0.00	0.00	34.05	35.99
09/01/01	0.00	0.00	34.04	35.97
10/01/01	0.00	0.00	33.91	35.96
11/01/01	0.00	0.00	33.83	35.94
12/01/01	0.00	0.00	33.84	35.93
13/01/01	0.00	0.00	33.8	35.91
14/01/01	0.00	0.00	33.7	35.9
15/01/01	0.00	0.00	33.63	35.88
16/01/01	0.00	0.00	33.56	35.87
17/01/01	0.00	0.00	33.52	35.85
18/01/01	0.00	0.00	33.45	35.84
19/01/01	0.00	0.00	33.36	35.82
20/01/01	0.00	0.00	33.3	35.81
21/01/01	0.00	0.00	33.25	35.79
22/01/01	0.00	0.00	33.24	35.78
23/01/01	0.00	0.00	33.18	35.76
24/01/01	0.00	0.00	33.17	35.75
25/01/01	0.00	0.00	33.17	35.73
26/01/01	7.10	6.78	33.44	35.72
27/01/01	0.00	0.00	33.58	35.7
28/01/01	0.00	0.00	33.36	35.69
29/01/01	0.00	0.00	33.26	35.68
30/01/01	0.00	0.00	33.17	35.66
31/01/01	0.00	0.00	33.14	35.65
01/02/01	0.00	0.00	33.11	35.63
02/02/01	0.00	0.00	33.09	35.62
03/02/01	0.00	0.00	33.09	35.6
04/02/01	12.90	11.73	35.02	35.59
05/02/01	6.50	6.25	35.32	35.57
06/02/01	6.80	6.80	35.27	35.56
07/02/01	2.40	2.40	35.34	35.79
08/02/01	0.40	0.40	35.38	35.82
09/02/01	7.60	7.31	35.35	35.8
10/02/01	6.90	6.89	35.35	35.93
11/02/01	0.00	0.00	35.28	36.04
12/02/01	0.00	0.00	35.2	35.98
13/02/01	7.00	6.63	35.08	35.93
14/02/01	0.80	0.80	35.09	36.03
15/02/01	0.00	0.00	34.9	35.99
16/02/01	-0.03	-0.03	34.71	35.93
17/02/01	2.04	1.83	34.58	35.88
18/02/01	7.61	7.55	34.49	35.88
19/02/01	6.18	5.99	34.47	35.99
20/02/01	8.75	7.93	34.4	36.06
21/02/01	17.42	15.84	34.33	36.16
22/02/01	8.19	6.01	35.34	36.4
23/02/01	-0.24	-0.24	35.17	36.41
24/02/01	-0.27	-0.27	34.81	36.3
25/02/01	-0.30	-0.30	34.55	36.2
26/02/01	-0.33	-0.33	34.41	36.1
27/02/01	-0.36	-0.36	34.31	36.02
28/02/01	-0.39	-0.39	34.25	35.94
01/03/01	-0.42	-0.42	34.14	35.87
02/03/01	-0.45	-0.45	34.06	35.81
03/03/01	7.52	0.48	34.09	35.75
04/03/01	5.19	4.44	34.16	35.71
05/03/01	2.46	2.07	34.43	35.77
06/03/01	-0.57	-0.57	34.42	35.77
07/03/01	-0.60	-0.60	34.38	35.71
08/03/01	-0.63	-0.63	34.4	35.65
09/03/01	5.94	5.06	34.46	35.6
10/03/01	2.71	2.26	34.66	35.68
11/03/01	6.28	5.35	34.79	35.68
12/03/01	1.75	1.42	34.99	35.76
13/03/01	3.82	3.20	34.83	35.73
14/03/01	4.19	3.52	34.71	35.75
15/03/01	9.56	8.16	35.03	35.77
16/03/01	-0.85	-0.85	35.28	35.89
17/03/01	1.44	1.13	35.12	35.8
18/03/01	0.93	0.69	34.95	35.76
19/03/01	0.62	0.42	34.75	35.72
20/03/01	6.21	5.25	34.58	35.67
21/03/01	3.21	2.65	34.71	37.33
22/03/01	6.20	5.22	34.87	37.37
23/03/01	26.29	22.56	35.17	37.51
24/03/01	-0.22	-0.32	37.93	38.32
25/03/01	7.17	6.05	36.66	38.18
26/03/01	0.76	0.52	36.13	38.3
27/03/01	-0.95	-0.95	35.79	38.21
28/03/01	-0.96	-0.96	35.53	38.06
29/03/01	-0.97	-0.97	35.38	37.93
30/03/01	3.02	2.47	35.23	37.8
31/03/01	-0.99	-0.99	35.05	37.82
01/04/01	-0.99	-0.99	34.93	37.7
02/04/01	-1.00	-1.00	34.86	37.59
03/04/01	-1.01	-1.01	34.79	37.49
04/04/01	1.38	1.04	34.75	37.39
05/04/01	0.07	-0.09	34.71	37.39
06/04/01	1.26	0.93	34.59	37.33
07/04/01	7.15	5.99	34.58	37.33
08/04/01	19.44	16.52	34.91	37.53
09/04/01	0.73	0.48	35.79	38.13
10/04/01	-0.08	-0.22	35.27	38.05
11/04/01	20.41	17.33	35.13	37.96
12/04/01	11.31	9.52	36.91	38.55
13/04/01	0.90	0.61	36.61	39.45
14/04/01	-1.11	-1.11	35.95	39.35
15/04/01	15.08	12.85	35.93	39.18
16/04/01	16.83	14.11	36.97	39.6
17/04/01	-0.01	-0.19	36.74	40.03
18/04/01	5.24	4.30	36.38	39.87
19/04/01	4.50	3.65	36.26	39.89
20/04/01	6.46	5.31	36.24	39.9
21/04/01	1.71	1.26	36.32	39.97
22/04/01	4.37	3.51	36.26	39.88
23/04/01	-1.48	-1.48	36.19	39.89
24/04/01	-1.52	-1.52	36.01	39.69
25/04/01	-1.57	-1.57	35.88	39.52
26/04/01	-0.71	-0.85	35.72	39.35
27/04/01	-1.66	-1.66	35.61	39.22
28/04/01	-1.70	-1.70	35.54	39.07
29/04/01	-1.75	-1.75	35.46	38.93
30/04/01	-1.79	-1.79	35.35	38.79
01/05/01	-1.83	-1.83	35.25	38.66
02/05/01	-1.88	-1.88	35.21	38.53
03/05/01	-1.92	-1.92	35.16	38.4
04/05/01	4.93	3.89	35.19	38.27
05/05/01	-1.61	-1.67	35.1	38.41
06/05/01	7.04	5.66	35.09	38.29
07/05/01	2.50	1.80	34.95	38.51
08/05/01	-0.95	-1.13	34.95	38.54
09/05/01	-2.19	-2.19	34.9	38.45
10/05/01	-2.24	-2.24	34.84	38.3
11/05/01	-1.48	-1.60	34.76	38.16
12/05/01	-2.32	-2.32	34.73	38.03
13/05/01	-2.37	-2.37	34.66	37.95
14/05/01	-2.41	-2.41	34.64	37.87
15/05/01	14.24	11.66	34.69	37.79
16/05/01	-2.46	-2.46	34.86	38.01
17/05/01	4.04	3.03	34.64	37.93
18/05/01	9.14	7.34	34.72	37.97
19/05/01	-2.46	-2.46	34.71	38.35
20/05/01	-2.46	-2.46	34.57	38.19
21/05/01	-2.46	-2.46	34.53	38.04
22/05/01	-2.46	-2.46	34.46	37.87
23/05/01	-2.46	-2.46	34.42	37.78
24/05/01	-2.06	-2.12	34.4	37.7
25/05/01	-1.76	-1.87	34.35	37.63
26/05/01	-2.46	-2.46	34.33	37.56
27/05/01	-1.86	-1.95	34.31	37.48
28/05/01	-2.45	-2.45	34.26	37.41
29/05/01	-2.45	-2.45	34.22	37.33
30/05/01	-2.45	-2.45	34.17	37.25
31/05/01	1.15	0.57	34.2	37.16
01/06/01	3.55	2.59	34.06	37.15
02/06/01	5.15	3.93	34.18	37.18
03/06/01	0.85	0.32	34.18	37.24
04/06/01	2.05	1.32	34.17	37.23
05/06/01	-2.45	-2.45	34.11	37.23
06/06/01	8.15	6.43	34.12	37.15
07/06/01	-2.45	-2.45	34.18	37.27
08/06/01	-0.95	-1.20	34.07	37.18
09/06/01	3.95	2.91	34.09	37.13
10/06/01	7.25	5.67	34.09	37.17
11/06/01	2.05	1.31	34.25	37.27
12/06/01	-2.45	-2.45	34.21	37.27
13/06/01	-2.45	-2.45	34.1	37.19
14/06/01	1.15	0.56	33.98	37.11
15/06/01	-2.45	-2.45	33.92	37.1
16/06/01	9.13	7.22	33.9	37.01
17/06/01	6.31	4.86	34.13	37.15
18/06/01	9.30	7.34	34.14	37.23
19/06/01	-0.22	-0.60	34.51	37.37
20/06/01	-2.54	-2.54	34.25	37.33
21/06/01	-1.65	-1.80	34.09	37.25
22/06/01	-2.57	-2.57	34.02	37.18
23/06/01	-2.59	-2.59	33.91	37.1
24/06/01	-2.60	-2.60	33.85	37.01
25/06/01	-2.62	-2.62	33.83	36.93
26/06/01	-2.64	-2.64	33.73	36.84
27/06/01	-2.66	-2.66	33.68	36.75
28/06/01	3.33	2.31	33.66	36.67
29/06/01	1.71	0.96	33.68	36.7
30/06/01	0.29	-0.22	33.66	36.69
01/07/01	-0.72	-1.06	33.62	36.66
02/07/01	-2.74	-2.74	33.6	36.61
03/07/01	-2.76	-2.76	33.61	36.52
04/07/01	-2.78	-2.78	33.55	36.43
05/07/01	-2.79	-2.79	33.56	36.33
06/07/01	-2.81	-2.81	33.53	36.24
07/07/01	-2.23	-2.33	33.55	36.14
08/07/01	-0.24	-0.68	33.5	36.06
09/07/01	0.54	-0.03	33.52	36.01
10/07/01	-2.88	-2.88	33.46	35.99
11/07/01	-0.90	-1.23	33.44	35.89
12/07/01	-1.81	-2.00	33.41	35.83
13/07/01	-2.93	-2.93	33.39	35.75
14/07/01	-2.95	-2.95	33.37	35.64
15/07/01	-2.96	-2.96	33.33	35.53
16/07/01	0.84	0.21	33.33	35.42
17/07/01	2.54	1.63	33.33	35.4
18/07/01	0.14	-0.37	33.33	35.43
19/07/01	6.94	5.31	33.31	35.39
20/07/01	45.24	40.24	33.96	35.52
21/07/01	-2.96	-2.96	34.34	37.09
22/07/01	-2.96	-2.96	33.66	36.89
23/07/01	0.84	0.22	33.46	36.69
24/07/01	3.14	2.14	33.45	36.65
25/07/01	6.84	5.24	33.48	36.71
26/07/01	-2.96	-2.96	33.74	36.9
27/07/01	-2.97	-2.97	33.54	36.7
28/07/01	-2.97	-2.97	33.41	36.52
29/07/01	-2.97	-2.97	33.34	36.33
30/07/01	-2.97	-2.97	33.29	36.14
31/07/01	-2.97	-2.97	33.25	35.96
01/08/01	-2.97	-2.97	33.23	35.86
02/08/01	-2.47	-2.55	33.21	35.76
03/08/01	-2.97	-2.97	33.19	35.67
04/08/01	7.43	5.78	33.16	35.56
05/08/01	-2.97	-2.97	33.24	35.69
06/08/01	-2.97	-2.97	33.16	35.59
07/08/01	-2.97	-2.97	33.13	35.49
08/08/01	3.23	2.26	33.1	35.38
09/08/01	4.83	3.61	33.19	35.42
10/08/01	19.03	15.58	33.38	35.49
11/08/01	-2.97	-2.97	33.68	35.88
12/08/01	-2.97	-2.97	33.32	35.78
13/08/01	-2.97	-2.97	33.19	35.68
14/08/01	-2.97	-2.97	33.1	35.58
15/08/01	-2.97	-2.97	33.07	35.47
16/08/01	-2.93	-2.93	33.02	35.36
17/08/01	2.21	1.42	32.99	35.26
18/08/01	-2.85	-2.85	33.03	35.27
19/08/01	0.68	0.15	32.99	35.17
20/08/01	5.72	4.41	32.97	35.15
21/08/01	2.06	1.32	33.02	35.25
22/08/01	3.40	2.46	33.02	35.26
23/08/01	0.04	-0.38	33.02	35.31
24/08/01	-2.63	-2.63	33.11	35.28
25/08/01	-2.59	-2.59	32.96	35.18
26/08/01	-2.55	-2.55	32.93	35.08
27/08/01	-2.51	-2.51	32.88	34.98
28/08/01	6.32	4.99	33.01	34.87
29/08/01	-2.44	-2.44	32.89	35
30/08/01	-2.40	-2.40	32.91	34.91
31/08/01	14.54	12.00	32.89	34.8
01/09/01	-0.22	-0.54	33.14	35.14
02/09/01	-0.39	-0.67	33.11	35.1
03/09/01	-2.25	-2.25	33.06	35.06
04/09/01	13.79	11.40	32.99	34.97
05/09/01	2.63	1.91	33.72	35.27
06/09/01	11.86	9.79	34.12	35.3
07/09/01	7.70	6.25	33.96	35.53
08/09/01	11.94	9.87	34.44	36.01
09/09/01	1.78	1.22	35.6	36.42
10/09/01	2.71	2.02	34.48	36.41
11/09/01	-1.55	-1.61	34.03	36.43
12/09/01	12.69	10.55	34.07	36.29
13/09/01	-1.87	-1.87	34.95	36.71
14/09/01	7.47	6.11	34.35	36.55
15/09/01	-0.60	-0.77	34.34	36.76
16/09/01	5.61	4.53	34.14	36.64
17/09/01	31.91	27.03	34.77	36.77
18/09/01	-1.39	-1.45	38.8	37.85
19/09/01	-1.79	-1.79	36	37.66
20/09/01	-1.79	-1.79	35.08	37.46
21/09/01	2.12	1.56	34.64	37.29
22/09/01	-1.58	-1.61	34.36	37.26
23/09/01	6.32	5.16	34.22	37.11
24/09/01	0.22	-0.06	34.18	37.25
25/09/01	7.92	6.55	34.09	37.17
26/09/01	-1.57	-1.60	34.04	37.37
27/09/01	-1.77	-1.77	34.02	37.21
28/09/01	-1.77	-1.77	33.98	37.06
29/09/01	-1.77	-1.77	33.85	36.92
30/09/01	7.13	5.89	33.8	36.78
01/10/01	-1.76	-1.76	33.85	37
02/10/01	-1.76	-1.76	33.67	36.86
03/10/01	-0.26	-0.47	33.62	36.73
04/10/01	-1.76	-1.76	33.53	36.66
05/10/01	-1.75	-1.75	33.45	36.54
06/10/01	-1.75	-1.75	33.43	36.42
07/10/01	-1.55	-1.58	33.38	36.29
08/10/01	-1.75	-1.75	33.33	36.17
09/10/01	-1.75	-1.75	33.25	36.05
10/10/01	-1.74	-1.74	33.22	35.99
11/10/01	-1.74	-1.74	33.17	35.92
12/10/01	-1.74	-1.74	33.16	35.86
13/10/01	-1.74	-1.74	33.11	35.79
14/10/01	-1.74	-1.74	33.08	35.73
15/10/01	-1.73	-1.73	33.08	35.66
16/10/01	-1.69	-1.69	33.04	35.59
17/10/01	-1.64	-1.64	33.02	35.53
18/10/01	-1.59	-1.59	33.01	35.46
19/10/01	-1.54	-1.54	32.96	35.4
20/10/01	-1.49	-1.49	32.94	35.33
21/10/01	3.16	2.54	32.95	35.27
22/10/01	2.31	1.81	32.96	35.31
23/10/01	-0.95	-1.00	32.91	35.33
24/10/01	4.30	3.56	32.88	35.28
25/10/01	0.45	0.23	32.89	35.35
26/10/01	-1.20	-1.20	32.85	35.33
27/10/01	-1.05	-1.06	32.79	35.27
28/10/01	0.80	0.55	32.78	35.22
29/10/01	-1.05	-1.05	32.75	35.21
30/10/01	-1.01	-1.01	32.78	35.16
31/10/01	-0.96	-0.96	32.78	35.11
01/11/01	-0.71	-0.73	32.71	35.06
02/11/01	-0.86	-0.86	32.71	35.02
03/11/01	-0.81	-0.81	32.7	34.97
04/11/01	-0.76	-0.76	32.71	34.93
05/11/01	-0.71	-0.71	32.66	34.88
06/11/01	1.14	0.90	32.64	34.84
07/11/01	14.38	12.46	32.73	34.84
08/11/01	9.73	8.42	33.77	35.14
09/11/01	-0.52	-0.52	33.62	35.33
10/11/01	-0.47	-0.47	33.15	35.29
11/11/01	-0.42	-0.42	33.01	35.25
12/11/01	-0.37	-0.37	33	35.22
13/11/01	-0.32	-0.32	33.02	35.18
14/11/01	-0.28	-0.28	32.96	35.15
15/11/01	-0.23	-0.23	32.92	35.12
16/11/01	-0.22	-0.22	32.87	35.09
17/11/01	-0.21	-0.21	32.82	35.06
18/11/01	-0.20	-0.20	32.82	35.03
19/11/01	-0.20	-0.20	32.73	35
20/11/01	-0.19	-0.19	32.67	34.97
21/11/01	3.02	3.02	32.67	34.95
22/11/01	20.73	18.45	32.73	35
23/11/01	-0.17	-0.17	33.82	35.72
24/11/01	-0.16	-0.16	33.32	35.67
25/11/01	-0.15	-0.15	33.17	35.62
26/11/01	25.96	23.41	34.73	35.58
27/11/01	13.06	12.72	35.71	36.59
28/11/01	14.67	13.95	34.83	37.04
29/11/01	14.08	13.33	34.54	37.5
30/11/01	5.39	5.01	34.71	37.91
01/12/01	-0.11	-0.11	34.58	37.96
02/12/01	-0.10	-0.10	34.24	37.81
03/12/01	-0.09	-0.09	33.98	37.67
04/12/01	-0.08	-0.08	33.78	37.54
05/12/01	19.42	17.73	34.46	37.43
06/12/01	60.13	55.13	37.38	38.04
07/12/01	3.54	3.35	40.32	40.02
08/12/01	-0.05	-0.05	37.34	39.88
09/12/01	-0.05	-0.05	36.39	39.63
10/12/01	-0.04	-0.04	35.9	39.4
11/12/01	-0.03	-0.03	35.54	39.19
12/12/01	-0.02	-0.02	35.25	39.01
13/12/01	-0.02	-0.02	34.97	38.83
14/12/01	-0.01	-0.01	34.73	38.68
15/12/01	0.00	0.00	34.56	38.53
16/12/01	0.00	0.00	34.32	38.4
17/12/01	0.00	0.00	34.2	38.28
18/12/01	0.00	0.00	34.09	38.17
19/12/01	0.00	0.00	33.96	38.06
20/12/01	0.00	0.00	33.85	37.97
21/12/01	0.00	0.00	33.75	37.88
22/12/01	0.00	0.00	33.65	37.8
23/12/01	0.00	0.00	33.56	37.72
24/12/01	0.00	0.00	33.47	37.65
25/12/01	0.00	0.00	33.43	37.58
26/12/01	0.00	0.00	33.33	37.52
27/12/01	0.00	0.00	33.28	37.46
28/12/01	0.00	0.00	33.22	37.4
29/12/01	45.30	41.21	39.93	37.35
30/12/01	0.00	0.00	38.89	38.95
31/12/01	0.00	0.00	38.19	38.79
01/01/02	0.00	0.00	37.04	38.64
02/01/02	0.00	0.00	36.46	38.51
03/01/02	0.00	0.00	35.88	38.38
04/01/02	0.00	0.00	35.3	38.27
05/01/02	0.00	0.00	34.95	38.16
06/01/02	0.00	0.00	34.72	38.06
07/01/02	0.00	0.00	34.61	37.97
08/01/02	0.00	0.00	34.49	37.89
09/01/02	0.00	0.00	34.38	37.81
10/01/02	0.00	0.00	34.31	37.73
11/01/02	0.00	0.00	34.31	37.67
12/01/02	0.00	0.00	34.24	37.6
13/01/02	0.00	0.00	34.21	37.54
14/01/02	0.00	0.00	34.14	37.48
15/01/02	0.00	0.00	34.12	37.43
16/01/02	-0.02	-0.02	34.04	37.38
17/01/02	-0.03	-0.03	33.98	37.33
18/01/02	-0.05	-0.05	33.96	37.27
19/01/02	-0.07	-0.07	33.9	37.22
20/01/02	7.32	6.88	33.91	37.17
21/01/02	17.50	17.18	35	37.42
22/01/02	5.09	5.09	36.25	38.07
23/01/02	2.67	2.67	35.63	38.17
24/01/02	-0.15	-0.15	35.42	38.17
25/01/02	15.34	14.88	36.04	38.05
26/01/02	4.22	4.22	36.13	38.55
27/01/02	21.80	20.81	36.49	38.58
28/01/02	42.19	42.19	39.27	39.25
29/01/02	21.37	21.37	37.63	40.64
30/01/02	2.16	2.16	36.64	41.14
31/01/02	14.14	0.75	36.11	40.92
01/02/02	11.32	-0.28	35.89	40.67
02/02/02	-0.29	-0.29	35.64	40.4
03/02/02	-0.31	-0.31	35.52	40.16
04/02/02	-0.33	-0.33	35.38	39.93
05/02/02	-0.34	-0.34	35.28	39.73
06/02/02	1.24	1.05	35.23	39.53
07/02/02	2.13	1.82	35.06	39.41
08/02/02	1.91	1.63	34.98	39.32
09/02/02	6.89	6.00	34.99	39.24
10/02/02	11.88	10.36	35.24	39.33
11/02/02	-0.44	-0.44	35.71	39.57
12/02/02	1.54	1.30	35.24	39.39
13/02/02	8.23	7.15	35.12	39.29
14/02/02	1.91	1.61	35.21	39.42
15/02/02	-0.50	-0.50	35.13	39.33
16/02/02	-0.51	-0.51	35.02	39.16
17/02/02	-0.51	-0.51	34.88	39.01
18/02/02	0.49	0.36	34.79	38.87
19/02/02	5.88	5.07	34.69	38.77
20/02/02	4.48	3.85	34.83	38.86
21/02/02	12.48	10.83	34.81	38.9
22/02/02	-0.52	-0.52	34.75	39.2
23/02/02	11.47	9.94	35.84	39.04
24/02/02	-0.53	-0.53	35.83	39.3
25/02/02	11.87	10.68	35.73	39.13
26/02/02	5.46	4.28	36.91	39.41
27/02/02	5.36	4.60	36.11	39.42
28/02/02	0.26	0.15	35.88	39.44
01/03/02	-0.55	-0.55	35.51	39.29
02/03/02	0.35	0.23	35.31	39.13
03/03/02	-0.55	-0.55	35.2	39
04/03/02	-0.55	-0.55	35.08	38.86
05/03/02	-0.56	-0.56	34.97	38.72
06/03/02	-0.56	-0.56	34.85	38.6
07/03/02	2.34	1.95	34.73	38.48
08/03/02	-0.57	-0.57	34.64	38.47
09/03/02	-0.57	-0.57	34.62	38.36
10/03/02	-0.57	-0.57	34.51	38.25
11/03/02	-0.57	-0.57	34.48	38.15
12/03/02	-0.58	-0.58	34.41	38.06
13/03/02	-0.58	-0.58	34.36	37.97
14/03/02	-0.58	-0.58	34.32	37.88
15/03/02	-0.59	-0.59	34.27	37.8
16/03/02	-0.61	-0.61	34.21	37.71
17/03/02	-0.63	-0.63	34.16	37.63
18/03/02	-0.65	-0.65	34.16	37.55
19/03/02	29.33	25.26	34.2	37.46
20/03/02	57.41	52.41	36.94	38.46
21/03/02	54.49	49.49	42.59	40.35
22/03/02	17.77	15.24	42.94	41.89
23/03/02	4.05	3.39	40.29	42.09
24/03/02	-0.77	-0.77	39.04	41.87
25/03/02	-0.79	-0.79	38.39	41.52
26/03/02	-0.81	-0.81	37.99	41.2
27/03/02	0.37	0.37	37.66	40.9
28/03/02	-0.85	-0.85	37.47	40.67
29/03/02	-0.27	-0.52	37.34	40.42
30/03/02	-0.89	-0.89	37.25	40.19
31/03/02	-0.91	-0.91	37.09	39.97
01/04/02	-0.93	-0.93	36.89	39.76
02/04/02	-0.95	-0.95	36.75	39.57
03/04/02	-0.97	-0.97	36.59	39.39
04/04/02	-0.99	-0.99	36.47	39.22
05/04/02	-1.01	-1.01	36.34	39.06
06/04/02	-1.03	-1.03	36.17	38.91
07/04/02	-1.06	-1.06	35.98	38.77
08/04/02	-1.08	-1.08	35.94	38.64
09/04/02	-1.10	-1.10	35.83	38.51
10/04/02	-0.12	-0.26	35.75	38.39
11/04/02	-0.44	-0.54	35.64	38.31
12/04/02	-1.16	-1.16	35.65	38.22
13/04/02	-0.98	-1.01	35.54	38.1
14/04/02	-1.20	-1.20	35.44	37.99
15/04/02	-1.22	-1.22	35.35	37.87
16/04/02	-1.26	-1.26	35.24	37.75
17/04/02	-1.30	-1.30	35.16	37.65
18/04/02	-1.04	-1.08	35.14	37.58
19/04/02	2.43	1.87	35.01	37.52
20/04/02	2.99	2.34	34.99	37.52
21/04/02	-1.45	-1.45	34.92	37.52
22/04/02	-0.69	-0.81	34.84	37.45
23/04/02	10.67	8.87	34.79	37.4
24/04/02	5.03	4.06	35.08	37.53
25/04/02	1.99	1.46	35.08	37.79
26/04/02	8.25	6.78	34.92	37.79
27/04/02	-0.09	-0.32	35.14	38.02
28/04/02	-1.73	-1.73	35.02	37.93
29/04/02	10.63	8.78	34.87	37.8
30/04/02	-1.80	-1.80	34.94	38.1
01/05/02	-1.84	-1.84	34.8	37.95
02/05/02	-1.88	-1.88	34.68	37.81
03/05/02	-1.92	-1.92	34.62	37.67
04/05/02	-1.96	-1.96	34.54	37.53
05/05/02	-2.00	-2.00	34.48	37.39
06/05/02	-2.04	-2.04	34.4	37.25
07/05/02	-2.08	-2.08	34.36	37.12
08/05/02	-2.12	-2.12	34.32	37.05
09/05/02	-2.16	-2.16	34.28	36.98
10/05/02	6.61	5.26	34.39	36.91
11/05/02	-2.23	-2.23	34.41	36.99
12/05/02	19.23	15.93	34.26	36.92
13/05/02	-2.31	-2.31	34.48	37.46
14/05/02	-2.35	-2.35	34.32	37.31
15/05/02	-2.39	-2.39	34.19	37.15
16/05/02	-2.41	-2.41	34.13	37
17/05/02	-2.43	-2.43	34.09	36.9
18/05/02	-2.46	-2.46	34.04	36.82
19/05/02	-2.48	-2.48	33.97	36.75
20/05/02	-1.30	-1.49	33.95	36.67
21/05/02	-2.53	-2.53	33.95	36.61
22/05/02	-2.55	-2.55	33.97	36.54
23/05/02	-2.57	-2.57	34	36.46
24/05/02	-1.79	-1.92	33.91	36.38
25/05/02	1.88	1.17	33.89	36.31
26/05/02	0.06	-0.37	33.84	36.31
27/05/02	-2.16	-2.24	33.88	36.28
28/05/02	15.11	12.29	33.88	36.21
29/05/02	-2.71	-2.71	33.94	36.44
30/05/02	-2.73	-2.73	33.78	36.36
31/05/02	-2.75	-2.75	33.72	36.27
01/06/02	-2.78	-2.78	33.68	36.19
02/06/02	-2.80	-2.80	33.65	36.11
03/06/02	-2.82	-2.82	33.65	36.02
04/06/02	-2.84	-2.84	33.61	35.94
05/06/02	-2.87	-2.87	33.58	35.85
06/06/02	4.31	3.15	33.59	35.76
07/06/02	22.99	18.79	33.84	35.81
08/06/02	-2.94	-2.94	34.1	36.18
09/06/02	3.44	2.40	33.82	36.1
10/06/02	1.22	0.53	33.94	36.12
11/06/02	-3.00	-3.00	33.8	36.11
12/06/02	-3.03	-3.03	33.66	36.02
13/06/02	-3.05	-3.05	33.6	35.93
14/06/02	-3.07	-3.07	33.53	35.84
15/06/02	1.91	1.08	33.47	35.75
16/06/02	7.01	5.34	33.66	35.75
17/06/02	-3.09	-3.09	33.56	35.84
18/06/02	-3.09	-3.09	33.46	35.75
19/06/02	-3.09	-3.09	33.43	35.66
20/06/02	-3.09	-3.09	33.37	35.56
21/06/02	3.62	2.50	33.34	35.47
22/06/02	-3.08	-3.08	33.45	35.5
23/06/02	-3.08	-3.08	33.32	35.41
24/06/02	5.42	4.00	33.29	35.31
25/06/02	-3.08	-3.08	33.33	35.38
26/06/02	-3.07	-3.07	33.23	35.28
27/06/02	11.53	9.07	33.18	35.19
28/06/02	2.13	1.25	33.37	35.38
29/06/02	-2.57	-2.65	33.22	35.38
30/06/02	-3.07	-3.07	33.14	35.3
01/07/02	-3.06	-3.06	33.08	35.2
02/07/02	-3.06	-3.06	33.06	35.1
03/07/02	11.44	8.98	33.03	35.01
04/07/02	-1.46	-1.73	33.15	35.2
05/07/02	-3.06	-3.06	33.04	35.13
06/07/02	3.95	2.77	33	35.04
07/07/02	-3.05	-3.05	33.01	35.08
08/07/02	-3.05	-3.05	32.95	34.98
09/07/02	-3.05	-3.05	32.92	34.88
10/07/02	-2.75	-2.80	32.89	34.79
11/07/02	-2.64	-2.71	32.84	34.69
12/07/02	-3.04	-3.04	32.84	34.6
13/07/02	-0.54	-0.96	32.82	34.5
14/07/02	6.36	4.80	32.8	34.45
15/07/02	0.56	-0.03	32.85	34.55
16/07/02	2.47	1.56	32.92	34.53
17/07/02	30.47	25.47	32.89	34.55
18/07/02	-2.02	-2.19	32.87	35.37
19/07/02	-3.02	-3.02	32.8	35.22
20/07/02	-3.01	-3.01	32.73	35.04
21/07/02	11.09	8.79	32.77	34.88
22/07/02	-3.00	-3.00	32.91	35.07
23/07/02	-3.00	-3.00	32.85	34.97
24/07/02	3.91	2.79	32.73	34.88
25/07/02	8.41	6.56	32.8	34.92
26/07/02	-0.88	-1.22	32.79	35.27
27/07/02	-2.98	-2.98	32.69	35.17
28/07/02	-2.97	-2.97	32.65	34.99
29/07/02	-2.97	-2.97	32.63	34.82
30/07/02	-2.96	-2.96	32.64	34.72
31/07/02	-2.96	-2.96	32.66	34.62
01/08/02	4.05	2.93	32.71	34.53
02/08/02	-2.95	-2.95	32.71	34.58
03/08/02	-1.14	-1.43	32.62	34.48
04/08/02	-1.54	-1.76	32.59	34.42
05/08/02	-1.03	-1.33	32.56	34.35
06/08/02	36.07	31.07	32.56	34.29
07/08/02	-2.92	-2.92	35.45	35.39
08/08/02	5.68	4.33	39.94	35.21
09/08/02	0.99	0.38	36.02	35.37
10/08/02	-2.91	-2.91	34.7	35.34
11/08/02	37.80	32.80	34.22	35.16
12/08/02	81.10	76.10	40.29	36.56
13/08/02	-1.49	-1.71	41.68	39.41
14/08/02	-2.49	-2.55	38.08	39.07
15/08/02	-2.88	-2.88	36.67	38.72
16/08/02	-1.55	-1.75	35.95	38.39
17/08/02	-2.32	-2.40	35.54	38.13
18/08/02	-2.79	-2.79	35.21	37.87
19/08/02	-2.75	-2.75	34.94	37.61
20/08/02	-2.72	-2.72	34.76	37.38
21/08/02	2.41	1.62	34.64	37.16
22/08/02	-2.66	-2.66	34.54	37.13
23/08/02	-2.63	-2.63	34.44	36.94
24/08/02	-2.60	-2.60	34.28	36.76
25/08/02	-2.57	-2.57	34.18	36.59
26/08/02	-2.53	-2.53	34.09	36.42
27/08/02	-2.50	-2.50	34.03	36.27
28/08/02	-2.47	-2.47	33.96	36.12
29/08/02	-2.44	-2.44	33.9	35.96
30/08/02	-2.41	-2.41	33.82	35.84
31/08/02	-0.38	-0.68	33.8	35.76
01/09/02	5.45	4.28	33.73	35.72
02/09/02	-2.31	-2.31	33.74	35.79
03/09/02	-2.28	-2.28	33.67	35.71
04/09/02	-2.25	-2.25	33.56	35.64
05/09/02	23.78	19.91	33.54	35.57
06/09/02	-2.19	-2.19	33.51	36.22
07/09/02	-2.16	-2.16	33.45	36.09
08/09/02	-2.13	-2.13	33.41	35.95
09/09/02	-0.09	-0.39	33.37	35.81
10/09/02	-1.46	-1.55	33.32	35.75
11/09/02	-2.03	-2.03	33.28	35.66
12/09/02	-2.00	-2.00	33.22	35.59
13/09/02	-1.97	-1.97	33.18	35.53
14/09/02	5.56	4.47	33.18	35.46
15/09/02	8.59	7.07	33.33	35.53
16/09/02	-1.88	-1.88	33.29	35.66
17/09/02	-1.85	-1.85	33.18	35.59
18/09/02	-1.82	-1.82	33.13	35.53
19/09/02	4.61	3.69	33.13	35.46
20/09/02	3.94	3.12	33.15	35.52
21/09/02	8.26	6.83	33.14	35.56
22/09/02	-1.31	-1.36	33.33	35.68
23/09/02	20.92	17.70	33.31	35.63
24/09/02	5.15	4.18	34.16	36.52
25/09/02	10.38	8.67	33.98	36.62
26/09/02	15.21	12.83	34.09	36.9
27/09/02	18.44	15.61	36.05	37.33
28/09/02	-0.74	-0.85	36.03	37.82
29/09/02	-1.51	-1.51	34.65	37.64
30/09/02	-1.48	-1.48	34.19	37.45
01/10/02	-1.45	-1.45	33.97	37.27
02/10/02	-1.42	-1.42	33.8	37.11
03/10/02	-0.49	-0.62	33.69	36.96
04/10/02	12.63	10.69	33.68	36.86
05/10/02	0.66	0.39	33.83	37.22
06/10/02	15.59	13.25	33.72	37.14
07/10/02	-1.28	-1.28	34.99	37.58
08/10/02	-1.25	-1.25	34.51	37.41
09/10/02	-1.22	-1.22	34.1	37.25
10/10/02	-0.79	-0.85	33.94	37.11
11/10/02	11.33	9.62	33.77	36.99
12/10/02	35.06	30.12	34.81	37.31
13/10/02	1.09	0.79	37.18	38.39
14/10/02	-0.78	-0.82	35.89	38.25
15/10/02	-1.05	-1.05	35.16	38.06
16/10/02	-1.04	-1.04	34.78	37.87
17/10/02	18.37	15.75	34.62	37.7
18/10/02	3.38	2.79	35.74	38.2
19/10/02	2.99	2.45	35.56	38.16
20/10/02	-1.00	-1.00	35.08	38.11
21/10/02	-0.99	-0.99	34.88	37.93
22/10/02	-0.98	-0.98	34.75	37.77
23/10/02	10.43	8.92	34.64	37.62
24/10/02	-0.55	-0.61	34.78	37.87
25/10/02	2.96	2.44	34.62	37.72
26/10/02	-0.93	-0.93	34.5	37.71
27/10/02	2.88	2.38	35.84	37.57
28/10/02	2.49	2.04	36.67	37.57
29/10/02	-0.90	-0.90	34.31	37.55
30/10/02	17.11	14.76	34.35	37.42
31/10/02	13.92	11.99	35.66	37.92
01/11/02	-0.87	-0.87	35.73	38.26
02/11/02	27.64	23.95	35.57	38.08
03/11/02	12.55	10.82	37.84	38.87
04/11/02	26.26	22.77	38.01	39.09
05/11/02	0.98	0.74	39.47	39.73
06/11/02	-0.81	-0.81	37.92	39.52
07/11/02	-0.80	-0.80	37.23	39.27
08/11/02	14.51	12.76	36.84	39.04
09/11/02	20.62	18.86	37.27	39.33
10/11/02	12.63	9.75	37.73	39.82
11/11/02	20.34	17.67	38.53	39.95
12/11/02	-0.25	-0.31	39.92	40.35
13/11/02	-0.74	-0.74	38.32	40.07
14/11/02	-0.73	-0.73	37.81	39.81
15/11/02	-0.72	-0.72	37.51	39.56
16/11/02	1.81	1.50	37.2	39.33
17/11/02	4.93	4.23	36.91	39.21
18/11/02	-0.64	-0.64	36.81	39.19
19/11/02	0.98	0.78	36.66	39
20/11/02	-0.60	-0.60	36.46	38.87
21/11/02	-0.57	-0.57	36.37	38.7
22/11/02	20.95	18.31	36.3	38.54
23/11/02	-0.42	-0.44	36.94	39.11
24/11/02	-0.50	-0.50	36.63	38.93
25/11/02	-0.48	-0.48	36.41	38.76
26/11/02	-0.45	-0.45	36.19	38.6
27/11/02	-0.43	-0.43	35.97	38.45
28/11/02	-0.41	-0.41	35.87	38.31
29/11/02	4.42	3.84	35.8	38.18
30/11/02	2.14	1.84	35.75	38.23
01/12/02	-0.33	-0.33	35.63	38.2
02/12/02	-0.31	-0.31	35.61	38.08
03/12/02	0.91	0.77	35.51	37.97
04/12/02	1.04	0.88	35.43	37.91
05/12/02	9.36	8.22	35.44	37.85
06/12/02	0.99	0.84	35.84	38.1
07/12/02	-0.19	-0.19	35.63	38.02
08/12/02	-0.17	-0.17	35.51	37.92
09/12/02	-0.14	-0.14	35.34	37.81
10/12/02	-0.12	-0.12	35.27	37.72
11/12/02	-0.10	-0.10	35.14	37.63
12/12/02	-0.07	-0.07	35.03	37.55
13/12/02	-0.05	-0.05	34.99	37.48
14/12/02	-0.02	-0.02	34.93	37.41
15/12/02	0.00	0.00	34.9	37.34
16/12/02	0.00	0.00	34.86	37.28
17/12/02	0.00	0.00	34.88	37.22
18/12/02	0.00	0.00	34.91	37.16
19/12/02	0.00	0.00	34.73	37.1
20/12/02	0.00	0.00	34.69	37.04
21/12/02	0.00	0.00	35.1	36.98
22/12/02	28.40	25.46	36.99	36.93
23/12/02	18.60	18.08	39.76	37.92
24/12/02	0.00	0.00	37.92	38.5
25/12/02	0.00	0.00	37.07	38.35
26/12/02	0.00	0.00	36.55	38.21
27/12/02	0.00	0.00	36.32	38.08
28/12/02	0.00	0.00	36.22	37.96
29/12/02	16.70	15.20	37.13	37.84
30/12/02	34.60	34.53	38.37	38.33
31/12/02	17.80	17.16	37.66	39.5
01/01/03	0.00	0.00	37.15	39.91
02/01/03	17.20	16.49	37.15	39.67
03/01/03	26.70	18.28	37.44	40.05
04/01/03	10.30	5.96	37.12	40.46
05/01/03	0.00	0.00	36.91	40.4
06/01/03	0.00	0.00	36.69	40.14
07/01/03	0.00	0.00	36.54	39.9
08/01/03	0.00	0.00	36.45	39.68
09/01/03	0.00	0.00	36.24	39.47
10/01/03	0.00	0.00	36.39	39.29
11/01/03	0.00	0.00	36.05	39.11
12/01/03	0.00	0.00	35.89	38.95
13/01/03	0.00	0.00	35.83	38.8
14/01/03	0.00	0.00	36.48	38.66
15/01/03	0.00	0.00	36.6	38.53
16/01/03	0.00	0.00	36.26	38.41
17/01/03	0.00	0.00	36.13	38.3
18/01/03	0.00	0.00	36.03	38.19
19/01/03	0.00	0.00	35.95	38.09
20/01/03	0.00	0.00	35.87	38
21/01/03	0.00	0.00	35.84	37.91
22/01/03	0.00	0.00	35.81	37.82
23/01/03	0.00	0.00	35.84	37.75
24/01/03	0.00	0.00	36.37	37.67
25/01/03	0.00	0.00	36.57	37.6
26/01/03	0.00	0.00	36.34	37.53
27/01/03	24.90	22.24	36.88	37.46
28/01/03	20.40	19.74	40.8	38.29
29/01/03	5.60	5.27	39.21	38.93
30/01/03	0.00	0.00	38.13	38.96
31/01/03	0.00	0.00	37.7	38.79
01/02/03	0.00	0.00	37.33	38.64
02/02/03	0.00	0.00	37.15	38.5
03/02/03	0.00	0.00	37.05	38.36
04/02/03	0.00	0.00	36.99	38.24
05/02/03	0.00	0.00	36.81	38.13
06/02/03	0.00	0.00	36.64	38.02
07/02/03	0.00	0.00	36.47	37.92
08/02/03	0.00	0.00	36.39	37.83
09/02/03	0.00	0.00	36.27	37.74
10/02/03	0.00	0.00	36.19	37.66
11/02/03	0.00	0.00	36.02	37.58
12/02/03	0.00	0.00	35.86	37.51
13/02/03	0.00	0.00	35.68	37.44
14/02/03	0.00	0.00	35.59	37.37
15/02/03	0.00	0.00	35.49	37.31
16/02/03	-0.02	-0.02	35.41	37.25
17/02/03	-0.03	-0.03	35.42	37.19
18/02/03	-0.05	-0.05	35.87	37.13
19/02/03	-0.06	-0.06	36.5	37.07
20/02/03	-0.08	-0.08	36.41	37.01
21/02/03	-0.09	-0.09	36.32	36.96
22/02/03	-0.11	-0.11	36.27	36.9
23/02/03	-0.12	-0.12	36.24	36.84
24/02/03	-0.14	-0.14	36.1	36.79
25/02/03	-0.16	-0.16	36.03	36.73
26/02/03	-0.17	-0.17	36.03	36.68
27/02/03	-0.19	-0.19	36.02	36.62
28/02/03	-0.20	-0.20	36.03	36.57
01/03/03	-0.22	-0.22	36.08	36.51
02/03/03	9.27	8.65	36.18	36.46
03/03/03	10.95	10.27	36.79	36.81
04/03/03	6.44	6.40	36.91	37.19
05/03/03	2.12	2.12	36.83	37.39
06/03/03	-0.30	-0.30	36.67	37.39
07/03/03	-0.31	-0.31	36.91	37.29
08/03/03	0.07	0.07	36.9	37.2
09/03/03	11.76	11.37	36.76	37.13
10/03/03	20.84	20.84	36.93	37.53
11/03/03	24.43	24.43	37.03	38.25
12/03/03	43.81	41.17	37.35	39.04
13/03/03	10.10	9.65	36.76	40.35
14/03/03	-0.42	-0.42	36.26	40.41
15/03/03	-0.43	-0.43	35.86	40.12
16/03/03	-0.46	-0.46	35.68	39.84
17/03/03	1.12	1.12	35.64	39.59
18/03/03	3.10	0.21	35.59	39.42
19/03/03	10.68	-0.52	35.53	39.23
20/03/03	2.65	-0.55	35.49	39.02
21/03/03	-0.57	-0.57	35.44	38.83
22/03/03	-0.59	-0.59	35.28	38.66
23/03/03	-0.61	-0.61	35.22	38.49
24/03/03	-0.64	-0.64	35.14	38.34
25/03/03	-0.66	-0.66	35.08	38.2
26/03/03	-0.68	-0.68	35.07	38.06
27/03/03	-0.70	-0.70	35.07	37.94
28/03/03	-0.72	-0.72	35.03	37.82
29/03/03	-0.75	-0.75	34.99	37.7
30/03/03	9.13	7.75	34.91	37.59
31/03/03	2.21	1.79	35	37.84
01/04/03	-0.81	-0.81	34.88	37.82
02/04/03	5.26	4.41	34.83	37.7
03/04/03	6.14	5.16	34.8	37.8
04/04/03	-0.68	-0.71	34.84	37.91
05/04/03	8.90	7.51	34.78	37.79
06/04/03	-0.93	-0.93	34.86	38
07/04/03	-0.95	-0.95	34.8	37.85
08/04/03	-0.97	-0.97	34.69	37.72
09/04/03	-0.99	-0.99	34.68	37.59
10/04/03	2.09	1.65	34.72	37.47
11/04/03	-1.04	-1.04	34.69	37.47
12/04/03	-1.06	-1.06	34.63	37.36
13/04/03	-1.08	-1.08	34.54	37.25
14/04/03	-1.10	-1.10	34.51	37.14
15/04/03	-1.13	-1.13	34.46	37.04
16/04/03	-1.17	-1.17	34.36	36.94
17/04/03	-1.21	-1.21	34.34	36.83
18/04/03	14.75	12.42	34.34	36.73
19/04/03	-1.30	-1.30	34.56	37.22
20/04/03	-1.34	-1.34	34.39	37.1
21/04/03	-1.38	-1.38	34.32	36.99
22/04/03	-1.42	-1.42	34.27	36.87
23/04/03	-0.97	-1.04	34.2	36.76
24/04/03	-1.51	-1.51	34.14	36.67
25/04/03	-1.55	-1.55	34.1	36.55
26/04/03	1.31	0.88	34.1	36.44
27/04/03	1.56	1.09	34.04	36.43
28/04/03	-1.68	-1.68	33.99	36.42
29/04/03	-1.72	-1.72	33.97	36.36
30/04/03	-0.26	-0.49	33.91	36.3
01/05/03	-1.81	-1.81	33.85	36.26
02/05/03	-0.65	-0.83	33.82	36.2
03/05/03	2.61	1.93	33.82	36.16
04/05/03	-1.93	-1.93	33.78	36.17
05/05/03	-1.98	-1.98	33.75	36.1
06/05/03	-2.02	-2.02	33.7	36.04
07/05/03	-2.06	-2.06	33.67	35.97
08/05/03	-1.11	-1.26	33.63	35.9
09/05/03	-0.35	-0.62	33.61	35.85
10/05/03	-0.69	-0.92	33.58	35.81
11/05/03	0.77	0.31	33.6	35.77
12/05/03	-0.38	-0.67	33.59	35.75
13/05/03	32.68	27.68	33.59	35.71
14/05/03	0.84	0.35	33.98	36.47
15/05/03	0.80	0.30	33.67	36.45
16/05/03	-2.44	-2.44	33.55	36.42
17/05/03	-2.37	-2.39	33.54	36.27
18/05/03	-1.40	-1.57	33.47	36.12
19/05/03	-2.54	-2.54	33.45	36
20/05/03	19.73	16.25	33.65	35.93
21/05/03	-2.60	-2.60	33.98	36.55
22/05/03	-2.13	-2.21	33.7	36.39
23/05/03	-2.67	-2.67	33.6	36.25
24/05/03	-2.70	-2.70	33.53	36.09
25/05/03	-2.73	-2.73	33.45	35.92
26/05/03	-2.77	-2.77	33.39	35.84
27/05/03	0.00	-0.44	33.36	35.76
28/05/03	-0.83	-1.15	33.4	35.72
29/05/03	-2.87	-2.87	33.34	35.68
30/05/03	-2.90	-2.90	33.26	35.59
31/05/03	2.67	1.77	33.26	35.5
01/06/03	-0.46	-0.86	33.23	35.52
02/06/03	-3.00	-3.00	33.22	35.47
03/06/03	-3.03	-3.03	33.13	35.39
04/06/03	-3.06	-3.06	33.09	35.3
05/06/03	-3.10	-3.10	33.04	35.2
06/06/03	-2.73	-2.79	33	35.11
07/06/03	-2.56	-2.66	32.99	35.03
08/06/03	63.30	58.30	32.96	34.94
09/06/03	-3.23	-3.23	34.46	36.95
10/06/03	-3.26	-3.26	33.65	36.72
11/06/03	-3.29	-3.29	33.46	36.5
12/06/03	-3.33	-3.33	33.37	36.29
13/06/03	-3.36	-3.36	33.31	36.09
14/06/03	3.11	2.04	33.19	35.9
15/06/03	0.07	-0.50	33.28	35.95
16/06/03	-3.41	-3.41	33.24	35.89
17/06/03	-3.40	-3.40	33.21	35.69
18/06/03	11.71	9.21	33.3	35.49
19/06/03	-2.87	-2.96	33.3	35.88
20/06/03	0.34	-0.28	33.25	35.71
21/06/03	-3.35	-3.35	33.23	35.65
22/06/03	-3.34	-3.34	33.22	35.45
23/06/03	-3.32	-3.32	33.19	35.34
24/06/03	-3.31	-3.31	33.14	35.24
25/06/03	-3.30	-3.30	33.1	35.15
26/06/03	-3.28	-3.28	33.11	35.05
27/06/03	8.73	6.71	33.08	34.95
28/06/03	-3.26	-3.26	33.14	35.08
29/06/03	-3.24	-3.24	33.08	34.98
30/06/03	-3.23	-3.23	33.08	34.89
01/07/03	2.28	1.35	33.04	34.79
02/07/03	-1.01	-1.38	33.04	34.79
03/07/03	-1.49	-1.78	33.03	34.74
04/07/03	-2.28	-2.43	33.01	34.67
05/07/03	1.43	0.66	33.01	34.59
06/07/03	-3.15	-3.15	32.99	34.59
07/07/03	-3.14	-3.14	32.93	34.49
08/07/03	-3.13	-3.13	32.92	34.39
09/07/03	9.28	7.21	32.97	34.29
10/07/03	-3.10	-3.10	33	34.44
11/07/03	-3.09	-3.09	32.93	34.34
12/07/03	-0.58	-0.99	32.87	34.25
13/07/03	-3.06	-3.06	32.88	34.2
14/07/03	-3.05	-3.05	32.85	34.1
15/07/03	-3.04	-3.04	32.82	34
16/07/03	-3.04	-3.04	32.79	33.9
17/07/03	27.55	22.55	32.87	33.79
18/07/03	-3.06	-3.06	33.18	34.34
19/07/03	-3.06	-3.06	32.94	34.24
20/07/03	-3.07	-3.07	32.82	34.15
21/07/03	1.83	1.03	32.81	34.05
22/07/03	-2.28	-2.41	32.84	34.05
23/07/03	-3.09	-3.09	32.78	33.97
24/07/03	6.51	4.95	32.78	33.86
25/07/03	-3.10	-3.10	32.85	33.97
26/07/03	-3.10	-3.10	32.74	33.87
27/07/03	-3.11	-3.11	32.72	33.76
28/07/03	29.08	24.08	32.69	33.66
29/07/03	-1.92	-2.11	33.14	34.25
30/07/03	-3.13	-3.13	32.88	34.17
31/07/03	75.47	70.47	32.89	34.07
01/08/03	-2.74	-2.80	36.59	37.03
02/08/03	-3.15	-3.15	34.17	36.75
03/08/03	-3.15	-3.15	33.47	36.48
04/08/03	-3.16	-3.16	33.21	36.23
05/08/03	-3.16	-3.16	33.02	35.99
06/08/03	-3.17	-3.17	32.94	35.77
07/08/03	-3.18	-3.18	32.86	35.56
08/08/03	-3.18	-3.18	32.79	35.36
09/08/03	-3.19	-3.19	32.73	35.17
10/08/03	-3.19	-3.19	32.65	34.98
11/08/03	-3.20	-3.20	32.63	34.79
12/08/03	-3.21	-3.21	32.57	34.61
13/08/03	-2.81	-2.87	32.56	34.51
14/08/03	-3.22	-3.22	32.53	34.42
15/08/03	6.48	4.97	32.58	34.33
16/08/03	-3.18	-3.18	32.52	34.42
17/08/03	-3.14	-3.14	32.48	34.32
18/08/03	0.30	-0.22	32.53	34.22
19/08/03	-3.05	-3.05	32.57	34.2
20/08/03	-3.01	-3.01	32.45	34.1
21/08/03	-2.97	-2.97	32.42	34
22/08/03	-2.93	-2.93	32.35	33.91
23/08/03	-2.89	-2.89	32.35	33.81
24/08/03	-2.84	-2.84	32.31	33.71
25/08/03	-2.80	-2.80	32.31	33.62
26/08/03	-2.76	-2.76	32.28	33.52
27/08/03	-2.72	-2.72	32.27	33.42
28/08/03	-2.67	-2.67	32.26	33.32
29/08/03	19.87	16.47	32.28	33.22
30/08/03	1.91	1.23	32.4	33.65
31/08/03	10.65	8.67	32.5	33.66
01/09/03	1.49	0.89	32.42	33.86
02/09/03	5.74	4.51	32.35	33.86
03/09/03	-2.42	-2.42	32.34	33.95
04/09/03	-2.38	-2.38	32.28	33.87
05/09/03	-2.34	-2.34	32.26	33.78
06/09/03	-2.30	-2.30	32.22	33.7
07/09/03	-2.25	-2.25	32.25	33.62
08/09/03	-0.81	-1.02	32.19	33.54
09/09/03	18.43	15.40	32.16	33.49
10/09/03	12.97	10.75	32.99	33.86
11/09/03	6.02	4.83	32.82	34.51
12/09/03	8.26	6.75	32.62	34.68
13/09/03	21.60	18.15	33.61	34.91
14/09/03	-1.96	-1.96	34.16	35.62
15/09/03	-1.92	-1.92	33.25	35.43
16/09/03	-1.87	-1.87	32.96	35.25
17/09/03	-1.83	-1.83	32.8	35.08
18/09/03	-1.79	-1.79	32.72	34.93
19/09/03	-1.74	-1.74	32.62	34.79
20/09/03	-1.70	-1.70	32.56	34.66
21/09/03	-1.66	-1.66	32.49	34.54
22/09/03	-1.62	-1.62	32.48	34.42
23/09/03	20.93	17.72	32.44	34.3
24/09/03	4.27	3.45	32.63	35.06
25/09/03	-0.49	-0.63	32.47	35.14
26/09/03	-1.44	-1.44	32.43	35.04
27/09/03	-1.40	-1.40	32.4	34.92
28/09/03	-1.36	-1.36	32.35	34.8
29/09/03	1.79	1.35	32.34	34.69
30/09/03	-1.27	-1.27	32.33	34.7
01/10/03	-1.23	-1.23	32.29	34.6
02/10/03	-1.19	-1.19	32.28	34.5
03/10/03	3.56	2.90	32.26	34.41
04/10/03	13.10	11.13	32.26	34.51
05/10/03	23.94	20.47	33.07	34.96
06/10/03	0.59	0.36	34.06	35.77
07/10/03	8.93	7.56	33.47	35.68
08/10/03	4.27	3.56	33.52	35.89
09/10/03	15.51	13.26	33.69	35.93
10/10/03	0.16	0.02	34.85	36.36
11/10/03	0.10	-0.02	34.02	36.24
12/10/03	-0.76	-0.76	33.54	36.12
13/10/03	-0.71	-0.71	33.25	35.99
14/10/03	-0.67	-0.67	33.03	35.86
15/10/03	-0.63	-0.63	32.89	35.75
16/10/03	-0.62	-0.62	32.81	35.65
17/10/03	-0.62	-0.62	32.73	35.55
18/10/03	-0.61	-0.61	32.7	35.47
19/10/03	-0.61	-0.61	32.64	35.38
20/10/03	0.79	0.61	32.62	35.3
21/10/03	0.60	0.44	32.52	35.28
22/10/03	-0.60	-0.60	32.47	35.26
23/10/03	14.61	12.59	32.44	35.19
24/10/03	-0.59	-0.59	32.45	35.68
25/10/03	-0.58	-0.58	32.42	35.59
26/10/03	-0.58	-0.58	32.4	35.5
27/10/03	-0.57	-0.57	32.36	35.42
28/10/03	-0.57	-0.57	32.37	35.34
29/10/03	-0.56	-0.56	32.41	35.27
30/10/03	1.04	0.83	32.41	35.2
31/10/03	-0.56	-0.56	32.44	35.19
01/11/03	15.25	13.20	32.41	35.13
02/11/03	1.05	0.85	33.11	35.65
03/11/03	-0.54	-0.54	32.94	35.62
04/11/03	-0.54	-0.54	32.67	35.53
05/11/03	-0.53	-0.53	32.57	35.45
06/11/03	2.47	2.09	32.52	35.37
07/11/03	-0.52	-0.52	32.5	35.41
08/11/03	-0.52	-0.52	32.47	35.33
09/11/03	-0.51	-0.51	32.41	35.27
10/11/03	-0.51	-0.51	32.35	35.2
11/11/03	-0.51	-0.51	32.34	35.14
12/11/03	-0.50	-0.50	32.29	35.07
13/11/03	-0.50	-0.50	32.22	35.01
14/11/03	1.01	0.82	32.23	34.95
15/11/03	-0.49	-0.49	32.23	34.94
16/11/03	1.03	0.84	32.21	34.88
17/11/03	0.65	0.51	32.19	34.88
18/11/03	-0.44	-0.44	32.18	34.86
19/11/03	-0.42	-0.42	32.13	34.8
20/11/03	-0.41	-0.41	32.13	34.75
21/11/03	-0.39	-0.39	32.06	34.69
22/11/03	-0.37	-0.37	32.05	34.63
23/11/03	-0.36	-0.36	32.05	34.57
24/11/03	-0.34	-0.34	32.04	34.52
25/11/03	-0.32	-0.32	31.99	34.49
26/11/03	-0.31	-0.31	31.93	34.46
27/11/03	-0.29	-0.29	31.97	34.43
28/11/03	4.72	4.12	31.97	34.4
29/11/03	-0.26	-0.26	31.99	34.46
30/11/03	-0.24	-0.24	31.92	34.43
01/12/03	-0.23	-0.23	31.91	34.4
02/12/03	-0.21	-0.21	31.89	34.37
03/12/03	-0.19	-0.19	31.84	34.34
04/12/03	-0.18	-0.18	31.83	34.32
05/12/03	-0.16	-0.16	31.83	34.29
06/12/03	1.05	0.91	31.97	34.26
07/12/03	-0.13	-0.13	32	34.26
08/12/03	-0.11	-0.11	31.89	34.23
09/12/03	-0.10	-0.10	31.88	34.2
10/12/03	-0.08	-0.08	31.82	34.18
11/12/03	-0.06	-0.06	31.85	34.15
12/12/03	-0.05	-0.05	31.9	34.13
13/12/03	-0.03	-0.03	31.99	34.1
14/12/03	22.58	21.03	32.6	34.08
15/12/03	0.00	0.00	32.94	34.86
16/12/03	0.00	0.00	32.51	34.82
17/12/03	0.00	0.00	32.34	34.77
18/12/03	0.00	0.00	32.25	34.73
19/12/03	0.00	0.00	32.16	34.69
20/12/03	0.00	0.00	32.11	34.65
21/12/03	0.00	0.00	32.14	34.61
22/12/03	14.00	12.51	32.22	34.57
23/12/03	0.00	0.00	32.16	35.07
24/12/03	0.00	0.00	32.14	35.01
25/12/03	0.00	0.00	32.18	34.95
26/12/03	0.00	0.00	32.15	34.9
27/12/03	0.00	0.00	32.09	34.85
28/12/03	0.00	0.00	32.08	34.8
29/12/03	0.00	0.00	32.07	34.76
30/12/03	0.00	0.00	32.09	34.71
31/12/03	0.00	0.00	32.11	34.67
01/01/04	0.00	0.00	32.13	34.63
02/01/04	0.00	0.00	32.08	34.59
03/01/04	0.00	0.00	32.04	34.55
04/01/04	0.00	0.00	32.04	34.51
05/01/04	0.00	0.00	32.03	34.47
06/01/04	0.00	0.00	31.98	34.43
07/01/04	0.00	0.00	31.96	34.39
08/01/04	0.00	0.00	31.97	34.35
09/01/04	0.00	0.00	32	34.31
10/01/04	0.00	0.00	32.84	34.27
11/01/04	13.90	12.42	33.82	34.24
12/01/04	8.90	8.39	35.53	34.76
13/01/04	31.20	29.15	36.83	35.07
14/01/04	9.90	9.59	38.07	36.19
15/01/04	1.70	1.55	35.98	36.44
16/01/04	1.20	1.20	35.03	36.35
17/01/04	0.00	0.00	34.53	36.27
18/01/04	0.00	0.00	34.09	36.14
19/01/04	0.00	0.00	33.83	36.03
20/01/04	0.00	0.00	34.14	35.92
21/01/04	0.00	0.00	34.04	35.82
22/01/04	-0.01	-0.01	33.84	35.74
23/01/04	-0.01	-0.01	33.65	35.66
24/01/04	-0.01	-0.01	33.45	35.58
25/01/04	-0.01	-0.01	33.41	35.51
26/01/04	-0.01	-0.01	33.31	35.45
27/01/04	-0.01	-0.01	33.21	35.39
28/01/04	-0.01	-0.01	33.14	35.34
29/01/04	-0.01	-0.01	33.03	35.29
30/01/04	-0.01	-0.01	32.91	35.24
31/01/04	-0.01	-0.01	32.85	35.19
01/02/04	-0.01	-0.01	32.78	35.15
02/02/04	27.59	24.41	33.73	35.11
03/02/04	9.99	9.99	37.93	36.08
04/02/04	26.79	26.79	36.01	36.37
05/02/04	14.78	14.78	35.21	37.28
06/02/04	23.18	23.18	35.03	37.66
07/02/04	28.98	28.67	34.91	38.32
08/02/04	40.58	38.75	34.71	39.11
09/02/04	22.68	11.22	34.39	40.19
10/02/04	-0.02	-0.02	34.16	40.23
11/02/04	-0.02	-0.02	34.07	39.87
12/02/04	-0.02	-0.02	33.98	39.55
13/02/04	-0.02	-0.02	33.85	39.25
14/02/04	-0.02	-0.02	33.85	38.98
15/02/04	14.58	13.45	34.25	38.73
16/02/04	5.18	5.02	34.73	38.99
17/02/04	2.37	2.37	34.62	38.93
18/02/04	-0.03	-0.03	34.42	38.78
19/02/04	-0.03	-0.03	34.17	38.55
20/02/04	-0.04	-0.04	33.98	38.34
21/02/04	-0.04	-0.04	34.06	38.15
22/02/04	-0.04	-0.04	34.86	37.97
23/02/04	15.76	14.00	34.87	37.81
24/02/04	-0.05	-0.05	34.53	38.19
25/02/04	-0.05	-0.05	34.32	38.01
26/02/04	-0.05	-0.05	34.19	37.84
27/02/04	-0.05	-0.05	34.1	37.69
28/02/04	-0.06	-0.06	33.94	37.54
29/02/04	-0.06	-0.06	33.85	37.41
01/03/04	-0.06	-0.06	33.72	37.28
02/03/04	-0.06	-0.06	33.66	37.17
03/03/04	-0.07	-0.07	33.59	37.06
04/03/04	-0.07	-0.07	33.55	36.95
05/03/04	-0.07	-0.07	33.48	36.85
06/03/04	-0.07	-0.07	33.43	36.76
07/03/04	-0.08	-0.08	33.39	36.68
08/03/04	-0.08	-0.08	33.39	36.59
09/03/04	-0.08	-0.08	33.33	36.52
10/03/04	-0.08	-0.08	33.3	36.44
11/03/04	-0.09	-0.09	33.29	36.37
12/03/04	-0.09	-0.09	33.36	36.3
13/03/04	-0.09	-0.09	33.65	36.23
14/03/04	-0.09	-0.09	33.95	36.16
15/03/04	-0.10	-0.10	34.65	36.09
16/03/04	5.46	5.46	35.57	36.03
17/03/04	5.03	5.03	36.23	36.2
18/03/04	8.99	8.99	36.53	36.35
19/03/04	12.15	12.15	36.48	36.64
20/03/04	18.41	18.21	36.4	37.02
21/03/04	26.87	26.49	36.33	37.6
22/03/04	32.13	6.54	35.96	38.43
23/03/04	15.39	13.23	35.52	38.45
24/03/04	33.05	28.45	35.86	38.72
25/03/04	10.62	9.09	37.29	39.52
26/03/04	3.28	2.75	36.54	39.56
27/03/04	-0.56	-0.56	35.95	39.37
28/03/04	-0.60	-0.60	35.73	39.09
29/03/04	-0.64	-0.64	35.66	38.82
30/03/04	-0.68	-0.68	35.75	38.58
31/03/04	-0.72	-0.72	35.88	38.35
01/04/04	-0.76	-0.76	35.96	38.14
02/04/04	-0.79	-0.79	36.02	37.94
03/04/04	-0.53	-0.58	35.89	37.76
04/04/04	-0.47	-0.53	35.65	37.59
05/04/04	9.39	7.93	35.56	37.44
06/04/04	3.85	3.17	35.5	37.63
07/04/04	3.11	2.53	35.41	37.62
08/04/04	-0.13	-0.26	35.23	37.58
09/04/04	-1.07	-1.07	35.13	37.44
10/04/04	-1.10	-1.10	35.03	37.27
11/04/04	4.16	3.40	35.03	37.12
12/04/04	-1.18	-1.18	34.99	37.15
13/04/04	-1.22	-1.22	34.87	37
14/04/04	-1.26	-1.26	34.78	36.86
15/04/04	-1.30	-1.30	34.68	36.72
16/04/04	-1.32	-1.32	34.64	36.59
17/04/04	-1.34	-1.34	34.62	36.46
18/04/04	-1.36	-1.36	34.55	36.34
19/04/04	2.52	1.95	34.48	36.21
20/04/04	3.80	3.04	34.41	36.24
21/04/04	-1.42	-1.42	34.29	36.3
22/04/04	-1.44	-1.44	34.2	36.18
23/04/04	19.34	16.27	34.13	36.06
24/04/04	16.91	14.20	34.62	36.68
25/04/04	0.89	0.54	35.41	37.15
26/04/04	-1.53	-1.53	35.1	37.05
27/04/04	-1.55	-1.55	34.78	36.87
28/04/04	-1.57	-1.57	34.58	36.71
29/04/04	-1.59	-1.59	34.49	36.55
30/04/04	-1.61	-1.61	34.39	36.4
01/05/04	3.77	2.96	34.31	36.27
02/05/04	1.95	1.41	34.21	36.33
03/05/04	-1.67	-1.67	34.07	36.32
04/05/04	-1.69	-1.69	34.12	36.18
05/05/04	-1.71	-1.71	34.1	36.05
06/05/04	7.07	5.73	34.1	35.92
07/05/04	-1.55	-1.59	34.02	36.11
08/05/04	1.12	0.68	33.94	35.98
09/05/04	-1.80	-1.80	33.95	35.96
10/05/04	-1.62	-1.65	33.81	35.82
11/05/04	-1.84	-1.84	33.7	35.7
12/05/04	-0.36	-0.59	33.69	35.57
13/05/04	1.12	0.66	33.7	35.49
14/05/04	-1.90	-1.90	33.6	35.48
15/05/04	23.28	19.39	33.61	35.37
16/05/04	5.46	4.32	34.48	36.15
17/05/04	-1.96	-1.96	34.14	36.26
18/05/04	-1.97	-1.97	33.84	36.1
19/05/04	-1.69	-1.74	33.73	35.95
20/05/04	-2.01	-2.01	33.65	35.82
21/05/04	28.47	23.70	33.67	35.68
22/05/04	2.25	1.58	34.13	36.61
23/05/04	3.24	2.40	34.17	36.56
24/05/04	-2.08	-2.08	34.06	36.55
25/05/04	-2.10	-2.10	33.94	36.37
26/05/04	-0.02	-0.35	33.85	36.19
27/05/04	15.36	12.59	33.78	36.1
28/05/04	3.65	2.72	34.46	36.54
29/05/04	-2.17	-2.17	34.5	36.55
30/05/04	-2.19	-2.19	34.22	36.36
31/05/04	0.99	0.48	34.09	36.19
01/06/04	5.77	4.49	33.96	36.13
02/06/04	-1.74	-1.83	33.97	36.24
03/06/04	19.94	16.37	33.92	36.09
04/06/04	9.02	7.20	35.12	36.68
05/06/04	2.80	1.98	35.35	36.85
06/06/04	-2.32	-2.32	35	36.81
07/06/04	-2.34	-2.34	34.62	36.6
08/06/04	-2.35	-2.35	34.44	36.4
09/06/04	-2.37	-2.37	34.32	36.22
10/06/04	10.81	8.66	34.2	36.04
11/06/04	1.09	0.52	34.33	36.34
12/06/04	-1.53	-1.67	34.16	36.27
13/06/04	-1.04	-1.27	33.98	36.12
14/06/04	-2.46	-2.46	33.91	36
15/06/04	3.02	2.12	33.84	35.84
16/06/04	3.81	2.77	33.91	35.87
17/06/04	3.30	2.34	33.77	35.94
18/06/04	-1.21	-1.43	33.74	35.98
19/06/04	30.48	25.48	33.98	35.85
20/06/04	13.57	10.89	36.97	36.83
21/06/04	-2.54	-2.54	36.44	37.13
22/06/04	-2.56	-2.56	35.14	36.88
23/06/04	13.93	11.17	34.77	36.66
24/06/04	2.82	1.92	35.07	36.99
25/06/04	10.71	8.48	35.03	36.93
26/06/04	-2.60	-2.60	35.14	37.14
27/06/04	0.69	0.13	34.79	36.9
28/06/04	-2.32	-2.37	34.63	36.78
29/06/04	-2.63	-2.63	34.48	36.57
30/06/04	-2.64	-2.64	34.36	36.37
01/07/04	7.55	5.81	34.36	36.18
02/07/04	3.13	2.15	34.27	36.35
03/07/04	-2.68	-2.68	34.21	36.35
04/07/04	-0.89	-1.19	34.06	36.16
05/07/04	-2.50	-2.53	33.99	36.04
06/07/04	3.39	2.36	33.97	35.88
07/07/04	-2.32	-2.39	33.92	35.92
08/07/04	8.77	6.84	33.83	35.77
09/07/04	8.46	6.58	33.92	36.01
10/07/04	-0.85	-1.17	33.97	36.21
11/07/04	-0.66	-1.01	33.96	36.09
12/07/04	10.43	8.23	33.87	35.98
13/07/04	2.61	1.72	34.17	36.25
14/07/04	6.80	5.21	34.17	36.24
15/07/04	0.59	0.03	34.31	36.37
16/07/04	-2.81	-2.81	34.29	36.28
17/07/04	-2.82	-2.82	34.06	36.08
18/07/04	-2.82	-2.82	33.94	35.89
19/07/04	-2.83	-2.83	33.82	35.72
20/07/04	5.77	4.36	33.75	35.55
21/07/04	-2.84	-2.84	33.74	35.69
22/07/04	-2.85	-2.85	33.68	35.52
23/07/04	-2.85	-2.85	33.58	35.35
24/07/04	10.34	8.20	33.56	35.18
25/07/04	-2.86	-2.86	33.83	35.31
26/07/04	4.03	2.91	33.55	35.23
27/07/04	-2.87	-2.87	33.55	35.26
28/07/04	-2.88	-2.88	33.44	35.17
29/07/04	-2.88	-2.88	33.39	35.09
30/07/04	-2.89	-2.89	33.34	35.01
31/07/04	-2.90	-2.90	33.32	34.93
01/08/04	-2.90	-2.90	33.23	34.84
02/08/04	-2.91	-2.91	33.22	34.76
03/08/04	-2.91	-2.91	33.18	34.67
04/08/04	-2.92	-2.92	33.14	34.59
05/08/04	-2.92	-2.92	33.07	34.5
06/08/04	-2.93	-2.93	33.08	34.41
07/08/04	-2.93	-2.93	33.03	34.33
08/08/04	-2.94	-2.94	33.02	34.24
09/08/04	-2.94	-2.94	33.02	34.15
10/08/04	-2.95	-2.95	32.94	34.06
11/08/04	-2.96	-2.96	32.95	33.97
12/08/04	-0.16	-0.60	32.92	33.88
13/08/04	-1.87	-2.04	32.89	33.85
14/08/04	2.13	1.33	32.92	33.78
15/08/04	-2.98	-2.98	32.85	33.78
16/08/04	-2.96	-2.96	32.86	33.69
17/08/04	-2.93	-2.93	32.8	33.6
18/08/04	-2.91	-2.91	32.73	33.51
19/08/04	-2.89	-2.89	32.71	33.41
20/08/04	-0.87	-1.18	32.71	33.32
21/08/04	19.15	15.77	32.8	33.27
22/08/04	-2.83	-2.83	32.87	33.62
23/08/04	-2.81	-2.81	32.7	33.53
24/08/04	4.32	3.23	32.7	33.44
25/08/04	14.64	11.99	32.7	33.5
26/08/04	12.76	10.40	33.14	33.75
27/08/04	-2.72	-2.72	33.17	34.25
28/08/04	-2.70	-2.70	32.87	34.09
29/08/04	-2.38	-2.42	32.74	33.92
30/08/04	6.84	5.41	32.58	33.76
31/08/04	7.16	5.69	32.82	33.99
01/09/04	-2.61	-2.61	32.78	34.21
02/09/04	-2.59	-2.59	32.58	34.05
03/09/04	-2.57	-2.57	32.57	33.89
04/09/04	-0.05	-0.42	32.51	33.73
05/09/04	-2.53	-2.53	32.48	33.67
06/09/04	-2.51	-2.51	32.42	33.57
07/09/04	-2.49	-2.49	32.36	33.49
08/09/04	-2.46	-2.46	32.35	33.4
09/09/04	-2.44	-2.44	32.29	33.32
10/09/04	-2.42	-2.42	32.36	33.24
11/09/04	-2.40	-2.40	32.36	33.16
12/09/04	3.62	2.74	32.36	33.08
13/09/04	-2.36	-2.36	32.36	33.12
14/09/04	4.56	3.56	32.3	33.04
15/09/04	13.69	11.36	32.44	33.11
16/09/04	-1.99	-2.03	32.56	33.36
17/09/04	-2.26	-2.26	32.35	33.29
18/09/04	-2.23	-2.23	32.33	33.21
19/09/04	-2.20	-2.20	32.3	33.14
20/09/04	-2.17	-2.17	32.27	33.06
21/09/04	-1.84	-1.88	32.27	32.98
22/09/04	17.69	14.86	32.29	32.91
23/09/04	30.22	25.61	33.32	33.26
24/09/04	0.95	0.52	34.95	34.34
25/09/04	7.58	6.22	33.85	34.3
26/09/04	1.91	1.36	34.33	34.51
27/09/04	-1.46	-1.53	33.97	34.49
28/09/04	-1.33	-1.42	33.56	34.36
29/09/04	11.60	9.70	33.4	34.23
30/09/04	0.13	-0.15	33.95	34.6
01/10/04	1.86	1.34	33.75	34.52
02/10/04	0.69	0.34	33.61	34.51
03/10/04	0.81	0.45	33.52	34.46
04/10/04	-1.76	-1.76	33.39	34.42
05/10/04	-1.73	-1.73	33.31	34.28
06/10/04	-1.70	-1.70	33.18	34.16
07/10/04	-1.67	-1.67	33.09	34.04
08/10/04	11.56	9.74	32.97	33.92
09/10/04	14.79	12.54	33.19	34.32
10/10/04	-1.58	-1.58	34.26	34.8
11/10/04	-1.55	-1.55	33.87	34.65
12/10/04	-1.52	-1.52	33.52	34.52
13/10/04	-1.49	-1.49	33.29	34.39
14/10/04	-1.46	-1.46	33.19	34.27
15/10/04	0.27	0.04	33.1	34.16
16/10/04	5.58	4.64	33.03	34.12
17/10/04	0.10	-0.10	32.99	34.29
18/10/04	-1.38	-1.38	32.89	34.24
19/10/04	-1.37	-1.37	32.86	34.13
20/10/04	-0.85	-0.92	32.74	34.03
21/10/04	-0.33	-0.47	32.72	33.95
22/10/04	-0.81	-0.88	32.73	33.89
23/10/04	-1.30	-1.30	32.67	33.81
24/10/04	-1.28	-1.28	32.65	33.71
25/10/04	-1.26	-1.26	32.62	33.6
26/10/04	-1.25	-1.25	32.63	33.52
27/10/04	-1.23	-1.23	32.55	33.47
28/10/04	-1.21	-1.21	32.55	33.42
29/10/04	-1.20	-1.20	32.55	33.37
30/10/04	-0.78	-0.83	32.48	33.32
31/10/04	5.54	4.66	32.52	33.28
01/11/04	-1.15	-1.15	32.56	33.36
02/11/04	-1.13	-1.13	32.41	33.31
03/11/04	-1.11	-1.11	32.42	33.26
04/11/04	-1.10	-1.10	32.38	33.21
05/11/04	1.02	0.75	32.35	33.17
06/11/04	6.14	5.21	32.34	33.16
07/11/04	11.55	9.94	32.57	33.26
08/11/04	7.27	6.21	32.77	33.46
09/11/04	8.39	7.19	32.75	33.85
10/11/04	-0.90	-0.91	32.75	34.13
11/11/04	-0.98	-0.98	32.88	34.04
12/11/04	-0.96	-0.96	33.25	33.95
13/11/04	4.96	4.21	33.23	33.86
14/11/04	-0.93	-0.93	33.16	34.01
15/11/04	-0.91	-0.91	33	33.92
16/11/04	-0.88	-0.88	32.91	33.84
17/11/04	7.45	6.41	32.78	33.76
18/11/04	0.18	0.06	32.85	34.01
19/11/04	-0.79	-0.79	33.11	33.96
20/11/04	-0.76	-0.76	33.17	33.88
21/11/04	4.07	3.82	33.03	33.81
22/11/04	11.80	9.92	33.36	33.94
23/11/04	9.63	8.37	36.04	34.33
24/11/04	-0.64	-0.64	35.72	34.61
25/11/04	-0.61	-0.61	34.57	34.5
26/11/04	0.22	0.13	34.07	34.4
27/11/04	5.65	4.90	33.76	34.34
28/11/04	-0.52	-0.52	33.7	34.49
29/11/04	-0.49	-0.49	33.51	34.4
30/11/04	-0.46	-0.46	33.36	34.31
01/12/04	-0.43	-0.43	33.26	34.24
02/12/04	-0.39	-0.39	33.18	34.17
03/12/04	-0.36	-0.36	33.01	34.1
04/12/04	-0.33	-0.33	32.95	34.04
05/12/04	-0.30	-0.30	32.91	33.98
06/12/04	-0.27	-0.27	32.81	33.93
07/12/04	-0.24	-0.24	32.74	33.88
08/12/04	-0.21	-0.21	32.72	33.83
09/12/04	-0.18	-0.18	32.69	33.78
10/12/04	-0.15	-0.15	32.62	33.73
11/12/04	-0.12	-0.12	32.63	33.68
12/12/04	-0.09	-0.09	32.5	33.64
13/12/04	-0.06	-0.06	32.48	33.6
14/12/04	-0.03	-0.03	32.44	33.56
15/12/04	0.00	0.00	32.43	33.52
16/12/04	0.00	0.00	32.4	33.48
17/12/04	0.00	0.00	32.44	33.44
18/12/04	0.00	0.00	32.48	33.41
19/12/04	0.00	0.00	32.42	33.37
20/12/04	0.00	0.00	32.3	33.33
21/12/04	0.00	0.00	32.28	33.3
22/12/04	0.00	0.00	32.25	33.28
23/12/04	0.00	0.00	32.48	33.25
24/12/04	0.00	0.00	33.67	33.23
25/12/04	0.00	0.00	32.96	33.21
26/12/04	0.00	0.00	32.69	33.19
27/12/04	0.00	0.00	32.6	33.16
28/12/04	0.00	0.00	32.6	33.14
29/12/04	0.00	0.00	32.5	33.12
30/12/04	0.00	0.00	32.43	33.09
31/12/04	0.00	0.00	32.41	33.07
01/01/05	0.00	0.00	32.57	33.05
02/01/05	0.00	0.00	33.21	33.03
03/01/05	8.20	7.51	33.63	33
04/01/05	32.50	32.22	34.04	33.15
05/01/05	12.20	11.69	33.85	34.59
06/01/05	17.90	13.60	33.92	34.98
07/01/05	2.40	0.00	33.9	35.41
08/01/05	0.00	0.00	33.69	35.28
09/01/05	3.60	3.19	33.52	35.16
10/01/05	0.00	0.00	33.32	35.18
11/01/05	0.00	0.00	33.19	35.07
12/01/05	0.00	0.00	33.14	34.97
13/01/05	6.30	5.58	33	34.88
14/01/05	0.40	0.35	32.94	35.03
15/01/05	0.00	0.00	32.91	34.95
16/01/05	0.00	0.00	32.82	34.87
17/01/05	0.00	0.00	32.79	34.8
18/01/05	7.20	6.37	32.77	34.72
19/01/05	0.00	0.00	32.73	34.92
20/01/05	0.00	0.00	32.93	34.85
21/01/05	19.70	17.83	37.73	34.78
22/01/05	0.00	0.00	35.83	35.44
23/01/05	0.00	0.00	34.77	35.33
24/01/05	10.00	9.72	34.32	35.23
25/01/05	15.50	14.48	34.1	35.53
26/01/05	20.30	18.23	33.88	35.99
27/01/05	0.00	0.00	33.77	36.55
28/01/05	0.00	0.00	33.66	36.37
29/01/05	0.00	0.00	33.51	36.21
30/01/05	0.00	0.00	33.44	36.06
31/01/05	0.00	0.00	33.39	35.93
01/02/05	0.00	0.00	33.38	35.8
02/02/05	20.40	17.99	33.08	35.69
03/02/05	0.00	0.00	33.4	36.29
04/02/05	0.00	0.00	33.37	36.14
05/02/05	0.00	0.00	33.36	36.01
06/02/05	0.00	0.00	33.23	35.88
07/02/05	0.00	0.00	33.16	35.77
08/02/05	0.00	0.00	33.1	35.67
09/02/05	0.00	0.00	33.13	35.57
10/02/05	0.00	0.00	33.08	35.48
11/02/05	0.00	0.00	33.72	35.4
12/02/05	0.00	0.00	38.1	35.32
13/02/05	0.00	0.00	40.28	35.25
14/02/05	0.00	0.00	37.38	35.18
15/02/05	0.00	0.00	36.42	35.12
16/02/05	0.00	0.00	35.91	35.06
17/02/05	0.00	0.00	35.56	35
18/02/05	0.00	0.00	35.35	34.95
19/02/05	0.00	0.00	35.21	34.9
20/02/05	0.00	0.00	35.1	34.85
21/02/05	0.00	0.00	34.97	34.8
22/02/05	2.80	2.80	34.87	34.75
23/02/05	9.20	8.89	34.72	34.83
24/02/05	6.00	6.00	34.61	35.15
25/02/05	0.00	0.00	34.55	35.33
26/02/05	0.00	0.00	34.42	35.25
27/02/05	0.00	0.00	34.38	35.17
28/02/05	0.00	0.00	34.25	35.1
01/03/05	0.00	0.00	34.16	35.04
02/03/05	0.00	0.00	34.09	34.97
03/03/05	0.00	0.00	34.05	34.92
04/03/05	0.00	0.00	33.97	34.86
05/03/05	0.00	0.00	33.95	34.81
06/03/05	0.00	0.00	33.84	34.77
07/03/05	0.00	0.00	33.78	34.72
08/03/05	0.00	0.00	33.81	34.68
09/03/05	0.00	0.00	33.74	34.63
10/03/05	0.00	0.00	33.7	34.59
11/03/05	0.00	0.00	33.72	34.55
12/03/05	0.00	0.00	33.74	34.5
13/03/05	0.00	0.00	33.7	34.46
14/03/05	0.00	0.00	33.72	34.42
15/03/05	0.00	0.00	33.72	34.38
16/03/05	-0.03	-0.03	34.2	34.34
17/03/05	-0.06	-0.06	35.27	34.3
18/03/05	-0.10	-0.10	39.76	34.26
19/03/05	-0.13	-0.13	42.57	34.22
20/03/05	-0.16	-0.16	40.54	34.17
21/03/05	-0.19	-0.19	38.55	34.13
22/03/05	7.37	7.37	37.91	34.08
23/03/05	-0.26	-0.26	37.6	34.38
24/03/05	-0.29	-0.29	37.77	34.33
25/03/05	12.68	11.99	37.75	34.28
26/03/05	9.24	9.24	37.78	34.75
27/03/05	24.81	24.81	37.64	35.08
28/03/05	47.38	46.85	37.33	35.99
29/03/05	26.75	26.75	37.06	37.61
30/03/05	2.02	2.00	36.84	38.33
31/03/05	5.48	5.48	36.54	38.11
01/04/05	6.65	6.65	36.25	38.04
02/04/05	17.82	17.82	36.12	38.02
03/04/05	24.59	24.59	35.98	38.4
04/04/05	18.15	10.76	35.87	39
05/04/05	24.42	-0.68	35.76	39.07
06/04/05	-0.71	-0.71	35.75	38.73
07/04/05	-0.74	-0.74	35.66	38.42
08/04/05	8.23	6.94	35.59	38.14
09/04/05	16.69	14.20	35.59	38.15
10/04/05	0.26	0.10	35.54	38.43
11/04/05	-0.87	-0.87	35.42	38.19
12/04/05	-0.40	-0.48	35.37	37.92
13/04/05	0.86	0.60	35.28	37.7
14/04/05	0.53	0.31	35.2	37.52
15/04/05	-0.20	-0.32	35.2	37.36
16/04/05	-1.03	-1.03	35.1	37.18
17/04/05	2.95	2.36	35.09	36.98
18/04/05	28.62	24.29	35.24	36.93
19/04/05	26.39	22.38	35.69	37.71
20/04/05	16.37	13.81	37.2	38.33
21/04/05	-1.16	-1.16	37.48	38.6
22/04/05	-1.19	-1.19	36.49	38.3
23/04/05	-1.21	-1.21	36.06	38.03
24/04/05	-1.24	-1.24	35.82	37.78
25/04/05	13.14	11.00	35.69	37.54
26/04/05	-0.79	-0.87	35.9	37.78
27/04/05	2.28	1.75	35.76	37.56
28/04/05	-0.84	-0.92	35.63	37.46
29/04/05	-1.37	-1.37	35.52	37.26
30/04/05	-1.40	-1.40	35.46	37.05
01/05/05	-1.42	-1.42	35.43	36.86
02/05/05	-1.45	-1.45	35.27	36.68
03/05/05	2.02	1.50	35.27	36.51
04/05/05	4.20	3.34	35.22	36.47
05/05/05	9.27	7.64	35.14	36.5
06/05/05	1.44	0.99	35.24	36.7
07/05/05	15.62	13.00	35.19	36.62
08/05/05	1.59	1.10	35.69	37.01
09/05/05	6.17	4.98	35.45	36.91
10/05/05	-1.66	-1.66	35.43	36.96
11/05/05	-1.69	-1.69	35.43	36.76
12/05/05	-1.71	-1.71	35.39	36.57
13/05/05	-1.74	-1.74	35.36	36.38
14/05/05	3.53	2.72	35.28	36.21
15/05/05	6.11	4.89	35.29	36.23
16/05/05	-1.82	-1.82	35.22	36.34
17/05/05	4.15	3.22	35.12	36.16
18/05/05	35.32	30.32	35.52	36.2
19/05/05	-1.91	-1.91	38.28	37.28
20/05/05	-1.94	-1.94	36.57	37.03
21/05/05	-1.98	-1.98	36.17	36.81
22/05/05	-0.21	-0.49	35.98	36.59
23/05/05	7.96	6.39	35.84	36.45
24/05/05	-2.07	-2.07	35.76	36.59
25/05/05	-2.10	-2.10	35.61	36.39
26/05/05	-2.13	-2.13	35.53	36.2
27/05/05	-2.16	-2.16	35.47	36.02
28/05/05	-2.19	-2.19	35.39	35.84
29/05/05	-2.22	-2.22	35.37	35.68
30/05/05	49.75	44.75	35.61	35.52
31/05/05	-2.28	-2.28	37.13	37.23
01/06/05	-2.31	-2.31	36.28	36.97
02/06/05	-2.34	-2.34	36.11	36.72
03/06/05	-2.37	-2.37	35.93	36.5
04/06/05	11.60	9.35	35.97	36.28
05/06/05	-1.43	-1.59	35.94	36.54
06/06/05	12.04	9.69	35.8	36.36
07/06/05	6.11	4.72	36.57	36.62
08/06/05	7.48	5.85	36.24	36.68
09/06/05	-0.55	-0.88	36.42	36.77
10/06/05	-2.58	-2.58	36.19	36.6
11/06/05	-2.41	-2.45	36.1	36.37
12/06/05	-1.84	-1.97	35.96	36.16
13/06/05	2.13	1.34	35.86	35.99
14/06/05	-2.70	-2.70	35.81	35.96
15/06/05	7.27	5.62	35.69	35.76
16/06/05	-2.74	-2.74	35.86	35.92
17/06/05	-1.54	-1.74	35.68	35.73
18/06/05	-2.75	-2.75	35.63	35.58
19/06/05	-2.75	-2.75	35.56	35.41
20/06/05	-2.75	-2.75	35.56	35.23
21/06/05	-2.76	-2.76	35.46	35.05
22/06/05	-2.26	-2.34	35.38	34.92
23/06/05	-2.76	-2.76	35.41	34.84
24/06/05	-2.77	-2.77	35.28	34.76
25/06/05	0.23	-0.28	35.27	34.67
26/06/05	4.62	3.38	35.31	34.64
27/06/05	-2.78	-2.78	35.12	34.68
28/06/05	-2.78	-2.78	34.99	34.59
29/06/05	-2.79	-2.79	35	34.51
30/06/05	2.21	1.36	34.91	34.43
01/07/05	11.11	8.74	34.92	34.43
02/07/05	8.20	6.34	35.02	34.58
03/07/05	-2.80	-2.80	34.99	34.68
04/07/05	3.19	2.18	34.83	34.59
05/07/05	15.69	12.57	35.07	34.61
06/07/05	-2.81	-2.81	35.16	35.06
07/07/05	24.28	19.73	35.13	34.89
08/07/05	2.98	2.01	36.23	35.67
09/07/05	51.18	46.18	35.76	35.66
10/07/05	17.07	13.75	40.21	37.35
11/07/05	27.77	22.77	39.63	37.66
12/07/05	2.66	1.75	41.04	38.27
13/07/05	-0.64	-1.01	39.14	38.07
14/07/05	-2.84	-2.84	37.99	37.79
15/07/05	10.65	8.42	37.29	37.47
16/07/05	2.76	1.83	37.15	37.59
17/07/05	-2.84	-2.84	36.9	37.46
18/07/05	4.07	2.93	36.59	37.16
19/07/05	1.67	0.93	36.42	37.1
20/07/05	1.88	1.11	36.3	36.98
21/07/05	-2.82	-2.82	36.15	36.87
22/07/05	-1.81	-1.98	36.03	36.62
23/07/05	-2.31	-2.39	35.97	36.42
24/07/05	-2.80	-2.80	35.83	36.21
25/07/05	0.30	-0.20	35.75	36
26/07/05	-2.79	-2.79	35.6	35.91
27/07/05	-2.79	-2.79	35.51	35.72
28/07/05	-2.78	-2.78	35.45	35.54
29/07/05	-2.78	-2.78	35.35	35.35
30/07/05	-0.68	-1.01	35.24	35.17
31/07/05	-1.67	-1.85	35.22	35.08
01/08/05	-2.77	-2.77	35.15	35
02/08/05	-2.76	-2.76	35.08	34.91
03/08/05	16.24	13.22	35.1	34.83
04/08/05	-2.55	-2.58	35.12	35.05
05/08/05	-1.75	-1.90	34.95	34.96
06/08/05	2.26	1.47	34.98	34.89
07/08/05	1.76	1.05	34.97	34.88
08/08/05	-2.73	-2.73	34.88	34.87
09/08/05	-2.73	-2.73	34.83	34.78
10/08/05	-2.52	-2.55	34.75	34.7
11/08/05	-2.72	-2.72	34.73	34.62
12/08/05	-2.71	-2.71	34.61	34.54
13/08/05	-2.71	-2.71	34.62	34.46
14/08/05	33.20	28.20	34.65	34.38
15/08/05	40.30	35.30	35.29	35.17
16/08/05	41.81	36.81	38.95	36.53
17/08/05	9.12	7.29	39.69	37.77
18/08/05	-2.68	-2.68	38.31	37.81
19/08/05	-2.67	-2.67	36.9	37.48
20/08/05	7.83	6.22	36.28	37.18
21/08/05	3.44	2.50	36.08	37.24
22/08/05	1.95	1.24	36.06	37.15
23/08/05	3.85	2.86	35.88	37.03
24/08/05	-2.64	-2.64	35.97	36.97
25/08/05	-1.33	-1.53	35.75	36.71
26/08/05	-1.33	-1.52	35.58	36.52
27/08/05	-2.62	-2.62	35.51	36.33
28/08/05	-2.61	-2.61	35.37	36.12
29/08/05	-2.61	-2.61	35.23	35.92
30/08/05	-2.60	-2.60	35.21	35.73
31/08/05	-2.59	-2.59	35.12	35.56
01/09/05	-2.59	-2.59	35.02	35.38
02/09/05	5.02	3.88	35.03	35.21
03/09/05	-2.27	-2.32	35	35.33
04/09/05	-2.57	-2.57	34.9	35.17
05/09/05	-2.56	-2.56	34.87	35
06/09/05	-2.55	-2.55	34.78	34.89
07/09/05	-2.55	-2.55	34.72	34.81
08/09/05	-2.54	-2.54	34.68	34.73
09/09/05	-2.53	-2.53	34.65	34.65
10/09/05	-1.03	-1.25	34.56	34.57
11/09/05	2.98	2.17	34.64	34.52
12/09/05	-2.51	-2.51	34.72	34.54
13/09/05	-2.51	-2.51	34.58	34.46
14/09/05	-2.50	-2.50	34.46	34.38
15/09/05	-2.49	-2.49	34.46	34.31
16/09/05	18.24	15.24	34.39	34.23
17/09/05	26.28	22.13	35.02	34.51
18/09/05	-2.38	-2.38	35.63	35.27
19/09/05	-2.24	-2.25	34.93	35.11
20/09/05	2.90	2.15	34.64	34.96
21/09/05	-2.26	-2.26	34.61	35.01
22/09/05	-2.22	-2.22	34.46	34.86
23/09/05	-2.18	-2.18	34.39	34.72
24/09/05	-2.14	-2.14	34.35	34.57
25/09/05	-2.10	-2.10	34.27	34.48
26/09/05	-2.06	-2.06	34.21	34.42
27/09/05	16.58	13.95	34.59	34.35
28/09/05	1.21	0.76	34.63	34.6
29/09/05	18.05	15.24	34.69	34.59
30/09/05	1.59	1.10	35.83	35.37
01/10/05	-1.67	-1.70	35.2	35.34
02/10/05	0.97	0.58	34.87	35.2
03/10/05	-1.79	-1.79	34.7	35.16
04/10/05	-1.75	-1.75	34.55	35.03
05/10/05	-1.71	-1.71	34.47	34.9
06/10/05	-1.67	-1.67	34.39	34.78
07/10/05	-1.63	-1.63	34.32	34.66
08/10/05	-1.59	-1.59	34.22	34.55
09/10/05	-1.55	-1.55	34.18	34.44
10/10/05	-1.52	-1.52	34.12	34.34
11/10/05	-1.48	-1.48	34.11	34.28
12/10/05	-1.44	-1.44	34.04	34.23
13/10/05	-1.40	-1.40	33.98	34.17
14/10/05	-1.36	-1.36	33.98	34.12
15/10/05	-1.32	-1.32	33.95	34.07
16/10/05	-1.29	-1.29	33.87	34.02
17/10/05	-1.26	-1.26	33.88	33.96
18/10/05	-1.23	-1.23	33.82	33.91
19/10/05	-1.20	-1.20	33.77	33.86
20/10/05	-1.17	-1.17	33.77	33.81
21/10/05	-1.13	-1.13	33.74	33.77
22/10/05	-1.10	-1.10	33.73	33.72
23/10/05	-1.07	-1.07	33.67	33.67
24/10/05	-1.04	-1.04	33.66	33.62
25/10/05	-1.01	-1.01	33.59	33.58
26/10/05	-0.98	-0.98	33.55	33.53
27/10/05	-0.95	-0.95	33.55	33.49
28/10/05	-0.92	-0.92	33.51	33.44
29/10/05	-0.89	-0.89	33.54	33.4
30/10/05	-0.86	-0.86	33.47	33.35
31/10/05	-0.83	-0.83	33.47	33.31
01/11/05	5.41	4.60	33.43	33.27
02/11/05	-0.76	-0.76	33.43	33.35
03/11/05	0.17	0.05	33.41	33.31
04/11/05	-0.70	-0.70	33.44	33.28
05/11/05	3.13	2.64	33.38	33.25
06/11/05	3.26	2.76	33.38	33.28
07/11/05	-0.61	-0.61	33.37	33.32
08/11/05	-0.58	-0.58	33.33	33.28
09/11/05	-0.55	-0.55	33.25	33.24
10/11/05	-0.52	-0.52	33.23	33.21
11/11/05	-0.49	-0.49	33.19	33.17
12/11/05	-0.45	-0.45	33.23	33.14
13/11/05	-0.32	-0.34	33.14	33.11
14/11/05	-0.39	-0.39	33.15	33.08
15/11/05	-0.36	-0.36	33.18	33.04
16/11/05	13.35	11.64	33.16	33.01
17/11/05	4.56	3.95	33.19	33.25
18/11/05	16.97	14.82	33.16	33.31
19/11/05	3.59	3.10	33.23	33.86
20/11/05	-0.30	-0.30	33.21	33.96
21/11/05	-0.29	-0.29	33.31	33.9
22/11/05	-0.28	-0.28	33.29	33.85
23/11/05	-0.27	-0.27	33.36	33.79
24/11/05	-0.25	-0.25	33.39	33.74
25/11/05	-0.24	-0.24	33.33	33.69
26/11/05	-0.23	-0.23	33.26	33.64
27/11/05	-0.22	-0.22	33.24	33.59
28/11/05	-0.21	-0.21	33.23	33.54
29/11/05	-0.19	-0.19	33.22	33.5
30/11/05	-0.18	-0.18	33.18	33.45
01/12/05	-0.17	-0.17	33.16	33.4
02/12/05	-0.16	-0.16	33.13	33.36
03/12/05	-0.14	-0.14	33.07	33.31
04/12/05	-0.13	-0.13	33.07	33.27
05/12/05	-0.12	-0.12	33.22	33.23
06/12/05	-0.11	-0.11	33.48	33.21
07/12/05	-0.10	-0.10	33.91	33.18
08/12/05	-0.08	-0.08	34.22	33.16
09/12/05	5.23	4.93	34.03	33.13
10/12/05	0.24	0.20	33.74	33.22
11/12/05	-0.05	-0.05	33.59	33.2
12/12/05	-0.04	-0.04	33.46	33.18
13/12/05	-0.02	-0.02	33.4	33.15
14/12/05	-0.01	-0.01	33.31	33.13
15/12/05	0.00	0.00	33.21	33.11
16/12/05	0.00	0.00	35.41	33.08
17/12/05	9.90	9.18	35.61	33.06
18/12/05	0.00	0.00	34.43	33.24
19/12/05	0.00	0.00	34.05	33.22
20/12/05	0.00	0.00	33.83	33.19
21/12/05	0.00	0.00	33.72	33.17
22/12/05	0.00	0.00	33.67	33.15
23/12/05	0.00	0.00	33.63	33.12
24/12/05	0.00	0.00	33.8	33.1
25/12/05	8.10	7.33	34.18	33.08
26/12/05	2.90	2.75	34.31	33.48
27/12/05	0.00	0.00	34.21	33.56
28/12/05	0.00	0.00	34.06	33.52
29/12/05	0.00	0.00	33.87	33.48
30/12/05	0.00	0.00	33.78	33.44
31/12/05	0.00	0.00	33.78	33.4
01/01/06	0.00	0.00	33.7	33.36
02/01/06	0.00	0.00	33.54	33.32
03/01/06	0.00	0.00	33.56	33.28
04/01/06	0.00	0.00	33.59	33.25
05/01/06	0.00	0.00	33.48	33.21
06/01/06	0.00	0.00	33.52	33.17
07/01/06	0.00	0.00	33.43	33.13
08/01/06	0.00	0.00	33.4	33.09
09/01/06	0.00	0.00	33.36	33.06
10/01/06	0.00	0.00	33.33	33.02
11/01/06	0.00	0.00	33.33	32.98
12/01/06	0.00	0.00	33.33	32.95
13/01/06	0.00	0.00	33.31	32.91
14/01/06	0.00	0.00	33.3	32.87
15/01/06	0.00	0.00	33.25	32.83
16/01/06	0.00	0.00	33.23	32.8
17/01/06	0.00	0.00	33.23	32.78
18/01/06	0.00	0.00	33.37	32.75
19/01/06	0.00	0.00	33.34	32.73
20/01/06	0.00	0.00	33.32	32.71
21/01/06	17.60	16.39	33.47	32.69
22/01/06	0.00	0.00	33.63	33.37
23/01/06	0.00	0.00	33.6	33.33
24/01/06	0.00	0.00	33.53	33.29
25/01/06	0.00	0.00	33.58	33.25
26/01/06	0.00	0.00	33.52	33.21
27/01/06	0.00	0.00	33.47	33.17
28/01/06	0.00	0.00	33.4	33.13
29/01/06	0.00	0.00	33.37	33.09
30/01/06	0.00	0.00	33.32	33.05
31/01/06	0.00	0.00	33.25	33.01
01/02/06	0.00	0.00	33.25	32.97
02/02/06	0.00	0.00	33.22	32.93
03/02/06	0.00	0.00	33.18	32.9
04/02/06	0.00	0.00	33.17	32.86
05/02/06	0.00	0.00	33.09	32.82
06/02/06	0.00	0.00	33.03	32.78
07/02/06	0.00	0.00	33.15	32.75
08/02/06	10.20	9.73	33.89	32.71
09/02/06	0.00	0.00	33.69	33.13
10/02/06	0.00	0.00	33.51	33.09
11/02/06	0.00	0.00	33.33	33.05
12/02/06	0.00	0.00	33.28	33.01
13/02/06	0.00	0.00	33.25	32.97
14/02/06	0.00	0.00	33.22	32.94
15/02/06	0.00	0.00	33.24	32.9
16/02/06	16.50	15.23	33.82	32.86
17/02/06	11.49	11.00	35.29	33.5
18/02/06	15.59	14.89	35.15	33.91
19/02/06	7.19	7.19	34.79	34.44
20/02/06	19.99	19.12	35.43	34.62
21/02/06	7.58	7.58	36.19	35.26
22/02/06	-0.02	-0.02	36.18	35.41
23/02/06	-0.02	-0.02	35.76	35.25
24/02/06	-0.02	-0.02	35.46	35.11
25/02/06	-0.03	-0.03	35.24	34.98
26/02/06	-0.03	-0.03	35.02	34.86
27/02/06	-0.03	-0.03	34.83	34.75
28/02/06	-0.04	-0.04	34.77	34.65
01/03/06	-0.04	-0.04	34.65	34.56
02/03/06	-0.04	-0.04	34.55	34.48
03/03/06	-0.04	-0.04	34.58	34.4
04/03/06	-0.05	-0.05	34.55	34.33
05/03/06	-0.05	-0.05	34.49	34.26
06/03/06	-0.05	-0.05	34.31	34.2
07/03/06	-0.05	-0.05	34.26	34.15
08/03/06	-0.06	-0.06	34.22	34.09
09/03/06	24.74	23.10	34.97	34.04
10/03/06	12.04	11.81	36.68	34.95
11/03/06	8.34	7.70	36.11	35.31
12/03/06	-0.07	-0.07	35.57	35.48
13/03/06	-0.07	-0.07	35.25	35.34
14/03/06	-0.07	-0.07	35.07	35.21
15/03/06	-0.08	-0.08	34.97	35.09
16/03/06	-0.12	-0.12	34.85	34.99
17/03/06	-0.16	-0.16	34.71	34.88
18/03/06	-0.20	-0.20	34.75	34.79
19/03/06	-0.24	-0.24	34.7	34.7
20/03/06	0.92	0.92	34.86	34.61
21/03/06	8.08	8.08	35.07	34.58
22/03/06	11.34	11.33	35.56	34.85
23/03/06	0.40	0.40	35.96	35.22
24/03/06	1.96	1.96	35.86	35.12
25/03/06	18.42	17.69	36.48	35.1
26/03/06	24.38	23.04	39.22	35.69
27/03/06	30.54	30.50	40.84	36.43
28/03/06	50.60	46.33	40.3	37.37
29/03/06	21.96	20.99	41.49	38.78
30/03/06	28.72	27.86	40.53	39.18
31/03/06	33.68	33.35	40.31	39.79
01/04/06	31.24	31.02	40.65	40.53
02/04/06	35.90	35.24	40.32	41.15
03/04/06	25.06	24.91	40.12	41.85
04/04/06	21.72	21.69	39.34	42.17
05/04/06	15.08	14.12	39.13	42.37
06/04/06	1.84	1.84	38.83	42.31
07/04/06	4.60	0.77	38.46	41.86
08/04/06	16.96	-1.04	38.25	41.42
09/04/06	24.92	-1.08	38.15	40.95
10/04/06	10.68	5.82	38.19	40.52
11/04/06	7.34	6.12	38.1	40.36
12/04/06	2.40	1.88	37.74	40.22
13/04/06	2.86	2.27	37.72	39.95
14/04/06	-0.28	-0.42	37.89	39.72
15/04/06	-0.52	-0.64	37.91	39.41
16/04/06	2.96	2.33	37.82	39.12
17/04/06	2.54	1.97	37.65	38.95
18/04/06	-1.08	-1.13	37.47	38.78
19/04/06	-1.41	-1.41	37.29	38.52
20/04/06	-1.43	-1.43	37.07	38.26
21/04/06	-1.45	-1.45	36.91	38.01
22/04/06	-1.47	-1.47	36.81	37.78
23/04/06	-1.49	-1.49	36.66	37.57
24/04/06	-1.51	-1.51	36.55	37.36
25/04/06	-1.53	-1.53	36.45	37.17
26/04/06	3.45	2.71	36.39	36.99
27/04/06	28.13	23.71	36.31	36.98
28/04/06	14.70	12.28	37.12	37.77
29/04/06	8.18	6.72	37.63	38.05
30/04/06	0.66	0.32	37.59	38.1
01/05/06	-1.66	-1.66	37.38	37.91
02/05/06	-1.58	-1.59	37.01	37.66
03/05/06	-1.70	-1.70	36.72	37.43
04/05/06	-1.72	-1.72	36.54	37.21
05/05/06	-1.74	-1.74	36.46	37.01
06/05/06	-1.76	-1.76	36.22	36.81
07/05/06	-1.79	-1.79	36.26	36.63
08/05/06	-1.81	-1.81	36.22	36.45
09/05/06	3.37	2.58	36.22	36.29
10/05/06	-1.85	-1.85	36.2	36.3
11/05/06	-1.87	-1.87	36.08	36.14
12/05/06	-1.79	-1.81	35.94	35.98
13/05/06	-1.21	-1.32	35.87	35.82
14/05/06	2.47	1.79	35.79	35.69
15/05/06	-1.95	-1.95	35.74	35.69
16/05/06	2.13	1.49	35.67	35.53
17/05/06	-1.90	-1.91	35.58	35.53
18/05/06	10.18	8.29	35.59	35.37
19/05/06	6.36	5.05	35.67	35.47
20/05/06	2.44	1.74	35.64	35.81
21/05/06	0.52	0.11	35.67	35.81
22/05/06	-2.10	-2.10	35.46	35.73
23/05/06	-1.52	-1.62	35.34	35.57
24/05/06	-0.94	-1.13	35.32	35.44
25/05/06	4.54	3.48	35.27	35.32
26/05/06	15.01	12.30	35.35	35.41
27/05/06	-1.71	-1.79	35.86	35.85
28/05/06	20.27	16.70	36.02	35.68
29/05/06	13.35	10.87	36.45	36.27
30/05/06	5.93	4.62	36.55	36.57
31/05/06	16.01	13.09	36.68	36.6
01/06/06	1.89	1.22	37.03	36.95
02/06/06	60.47	55.47	37.01	36.83
03/06/06	41.05	36.05	44.11	38.71
04/06/06	25.42	20.95	42.34	39.69
05/06/06	20.80	17.06	41.78	40.07
06/06/06	14.98	12.17	40.21	40.29
07/06/06	-1.64	-1.77	39.81	40.33
08/06/06	-2.46	-2.46	39.22	39.9
09/06/06	-2.48	-2.48	38.83	39.47
10/06/06	2.20	1.43	38.59	39.08
11/06/06	-2.52	-2.52	38.23	38.86
12/06/06	-2.54	-2.54	38.06	38.51
13/06/06	2.33	1.53	37.6	38.19
14/06/06	-2.59	-2.59	37.78	38.04
15/06/06	-2.61	-2.61	37.56	37.74
16/06/06	-2.63	-2.63	37.38	37.47
17/06/06	-2.65	-2.65	37.3	37.22
18/06/06	1.93	1.16	37.14	36.98
19/06/06	-2.70	-2.70	37.05	36.9
20/06/06	-2.12	-2.22	36.89	36.67
21/06/06	-2.74	-2.74	36.82	36.48
22/06/06	9.14	7.15	36.7	36.28
23/06/06	-0.29	-0.71	36.57	36.48
24/06/06	-2.81	-2.81	36.44	36.36
25/06/06	-2.73	-2.75	36.34	36.15
26/06/06	3.95	2.80	36.24	35.96
27/06/06	18.02	14.50	36.79	36
28/06/06	-2.90	-2.90	36.56	36.51
29/06/06	55.58	50.58	37.96	36.28
30/06/06	-1.04	-1.37	37.99	38.11
01/07/06	14.33	11.39	37.74	37.83
02/07/06	-2.99	-2.99	38.02	38.05
03/07/06	-3.01	-3.01	37.31	37.72
04/07/06	-3.03	-3.03	36.96	37.42
05/07/06	-3.06	-3.06	36.69	37.13
06/07/06	-3.08	-3.08	36.5	36.87
07/07/06	-3.10	-3.10	36.3	36.62
08/07/06	-2.32	-2.46	36.42	36.38
09/07/06	-3.15	-3.15	36.12	36.19
10/07/06	-3.17	-3.17	36.03	35.97
11/07/06	-3.19	-3.19	35.98	35.76
12/07/06	-3.21	-3.21	35.93	35.56
13/07/06	-3.23	-3.23	35.82	35.37
14/07/06	1.84	1.00	35.76	35.26
15/07/06	-3.28	-3.28	35.68	35.23
16/07/06	-3.25	-3.25	35.63	35.12
17/07/06	-3.22	-3.22	35.52	35.02
18/07/06	-3.19	-3.19	35.44	34.92
19/07/06	-3.16	-3.16	35.36	34.82
20/07/06	-3.13	-3.13	35.21	34.72
21/07/06	-3.09	-3.09	35.22	34.63
22/07/06	-3.06	-3.06	35.12	34.54
23/07/06	-3.03	-3.03	35.05	34.45
24/07/06	-2.80	-2.83	35.02	34.37
25/07/06	-2.97	-2.97	34.98	34.28
26/07/06	-2.94	-2.94	34.98	34.2
27/07/06	-2.91	-2.91	34.92	34.11
28/07/06	0.42	-0.11	34.87	34.03
29/07/06	-1.75	-1.93	34.86	34
30/07/06	-2.52	-2.57	34.8	33.93
31/07/06	32.41	27.41	34.7	33.86
01/08/06	16.44	13.37	34.95	34.39
02/08/06	-1.22	-1.46	34.9	35.05
03/08/06	30.11	25.11	34.75	34.93
04/08/06	3.84	2.80	35.1	35.89
05/08/06	26.67	22.02	35	35.88
06/08/06	52.40	47.40	36.38	36.62
07/08/06	71.53	66.53	43.51	38.21
08/08/06	7.76	6.14	42.22	40.28
09/08/06	-2.51	-2.51	39.06	40.09
10/08/06	-1.78	-1.89	38.25	39.62
11/08/06	-2.35	-2.36	37.21	39.2
12/08/06	20.18	16.65	37.67	38.81
13/08/06	-1.49	-1.63	37.77	39.12
14/08/06	0.45	0.01	37.2	38.77
15/08/06	-2.32	-2.32	37.03	38.5
16/08/06	-2.33	-2.33	36.75	38.17
17/08/06	-2.34	-2.34	36.6	37.86
18/08/06	-2.35	-2.35	36.47	37.58
19/08/06	-2.35	-2.35	36.34	37.31
20/08/06	5.94	4.66	36.23	37.07
21/08/06	6.53	5.17	36.16	37.11
22/08/06	1.63	1.01	36.08	37.16
23/08/06	-2.38	-2.38	35.97	37.05
24/08/06	7.01	5.58	35.83	36.82
25/08/06	-2.40	-2.40	35.89	36.91
26/08/06	-2.40	-2.40	35.69	36.69
27/08/06	0.69	0.22	35.68	36.48
28/08/06	5.18	4.03	35.58	36.38
29/08/06	6.38	5.05	35.57	36.45
30/08/06	6.37	5.04	35.83	36.55
31/08/06	-2.44	-2.44	35.95	36.63
01/09/06	-2.45	-2.45	35.75	36.42
02/09/06	-2.45	-2.45	35.53	36.22
03/09/06	-2.26	-2.29	35.44	36.03
04/09/06	2.23	1.53	35.32	35.86
05/09/06	-2.47	-2.47	35.2	35.85
06/09/06	-2.48	-2.48	35.2	35.68
07/09/06	34.61	29.61	35.08	35.51
08/09/06	-1.50	-1.64	36.05	36.65
09/09/06	-2.50	-2.50	35.86	36.45
10/09/06	-2.51	-2.51	35.46	36.24
11/09/06	-2.52	-2.52	35.37	36.04
12/09/06	-2.52	-2.52	35.19	35.85
13/09/06	-2.53	-2.53	35.09	35.67
14/09/06	-2.54	-2.54	35.02	35.5
15/09/06	-0.15	-0.49	34.99	35.33
16/09/06	-2.51	-2.51	34.94	35.25
17/09/06	-2.48	-2.48	34.84	35.07
18/09/06	6.45	5.16	34.97	34.97
19/09/06	3.08	2.29	34.94	35.04
20/09/06	-2.39	-2.39	34.9	35.04
21/09/06	-2.36	-2.36	34.78	34.96
22/09/06	-2.33	-2.33	34.71	34.88
23/09/06	-2.29	-2.29	34.65	34.8
24/09/06	-2.26	-2.26	34.64	34.72
25/09/06	-2.23	-2.23	34.63	34.65
26/09/06	-2.20	-2.20	34.62	34.58
27/09/06	-1.37	-1.48	34.55	34.51
28/09/06	-2.14	-2.14	34.46	34.45
29/09/06	-2.11	-2.11	34.46	34.38
30/09/06	-2.07	-2.07	34.42	34.31
01/10/06	-1.04	-1.18	34.36	34.25
02/10/06	-2.01	-2.01	34.31	34.2
03/10/06	5.82	4.73	34.29	34.13
04/10/06	5.45	4.42	34.33	34.2
05/10/06	-1.92	-1.92	34.24	34.27
06/10/06	-1.89	-1.89	34.19	34.2
07/10/06	2.35	1.77	34.14	34.14
08/10/06	-1.82	-1.82	34.11	34.15
09/10/06	-1.79	-1.79	34.06	34.09
10/10/06	-1.76	-1.76	34.04	34.03
11/10/06	-1.73	-1.73	34.02	33.97
12/10/06	-1.70	-1.70	34.03	33.91
13/10/06	-1.67	-1.67	33.94	33.85
14/10/06	-1.63	-1.63	33.95	33.79
15/10/06	-1.60	-1.60	33.96	33.73
16/10/06	-1.48	-1.49	33.9	33.67
17/10/06	-1.55	-1.55	33.88	33.61
18/10/06	-1.52	-1.52	33.87	33.55
19/10/06	-1.50	-1.50	33.84	33.5
20/10/06	-1.47	-1.47	33.83	33.44
21/10/06	-1.44	-1.44	33.8	33.38
22/10/06	-1.42	-1.42	33.75	33.33
23/10/06	-1.39	-1.39	33.72	33.27
24/10/06	2.03	1.58	33.68	33.22
25/10/06	-1.34	-1.34	33.65	33.23
26/10/06	-1.31	-1.31	33.62	33.18
27/10/06	2.21	1.75	33.61	33.12
28/10/06	1.94	1.52	33.66	33.14
29/10/06	41.27	36.27	34.05	33.15
30/10/06	1.09	0.79	34.7	34.32
31/10/06	-0.28	-0.40	34	34.3
01/11/06	2.85	2.33	33.84	34.23
02/11/06	-1.13	-1.13	33.72	34.28
03/11/06	-1.10	-1.10	33.67	34.18
04/11/06	10.92	9.69	33.73	34.09
05/11/06	48.65	41.94	35.29	34.47
06/11/06	-1.02	-1.02	36.82	36.09
07/11/06	-1.00	-1.00	35.06	35.89
08/11/06	-0.67	-0.71	34.46	35.7
09/11/06	1.06	0.80	34.2	35.55
10/11/06	-0.82	-0.83	34.02	35.46
11/11/06	22.11	19.20	33.99	35.32
12/11/06	26.34	22.90	36.13	35.98
13/11/06	4.06	3.44	36.71	36.72
14/11/06	4.09	3.47	35.87	36.66
15/11/06	-0.78	-0.78	35.15	36.61
16/11/06	-0.76	-0.76	35.17	36.41
17/11/06	-0.74	-0.74	34.85	36.22
18/11/06	-0.72	-0.72	34.66	36.05
19/11/06	0.00	-0.08	34.53	35.89
20/11/06	2.83	2.39	34.42	35.77
21/11/06	2.25	1.89	34.38	35.76
22/11/06	15.87	13.84	34.56	35.73
23/11/06	-0.61	-0.61	34.93	36.17
24/11/06	-0.59	-0.59	34.57	36.02
25/11/06	-0.56	-0.56	34.41	35.87
26/11/06	-0.54	-0.54	34.22	35.74
27/11/06	-0.52	-0.52	34.18	35.62
28/11/06	-0.50	-0.50	34.11	35.51
29/11/06	-0.47	-0.47	34.03	35.4
30/11/06	-0.45	-0.45	33.96	35.31
01/12/06	-0.43	-0.43	33.88	35.22
02/12/06	-0.41	-0.41	33.84	35.14
03/12/06	-0.39	-0.39	33.87	35.07
04/12/06	-0.36	-0.36	33.82	35
05/12/06	2.16	1.86	33.81	34.93
06/12/06	-0.32	-0.32	33.73	34.96
07/12/06	1.00	0.85	33.74	34.9
08/12/06	-0.28	-0.28	33.68	34.88
09/12/06	1.85	1.60	33.62	34.82
10/12/06	7.37	6.48	33.89	34.84
11/12/06	-0.21	-0.21	33.87	35.07
12/12/06	-0.19	-0.19	33.72	35
13/12/06	-0.16	-0.16	33.68	34.94
14/12/06	-0.14	-0.14	33.56	34.88
15/12/06	-0.12	-0.12	33.48	34.82
16/12/06	-0.13	-0.13	33.47	34.77
17/12/06	0.35	0.29	33.4	34.72
18/12/06	2.34	2.05	33.37	34.69
19/12/06	-0.18	-0.18	33.31	34.73
20/12/06	-0.20	-0.20	33.28	34.68
21/12/06	-0.21	-0.21	33.28	34.63
22/12/06	-0.23	-0.23	33.24	34.58
23/12/06	-0.24	-0.24	33.21	34.53
24/12/06	-0.26	-0.26	33.15	34.48
25/12/06	-0.27	-0.27	33.14	34.42
26/12/06	-0.29	-0.29	33.1	34.37
27/12/06	-0.30	-0.30	33.06	34.32
28/12/06	-0.32	-0.32	33.03	34.27
29/12/06	1.27	1.27	33.07	34.21
30/12/06	-0.35	-0.35	33.07	34.23
31/12/06	5.44	4.61	33.02	34.18
01/01/07	5.62	4.96	33.11	34.35
02/01/07	6.51	5.75	33.24	34.53
03/01/07	1.89	1.64	33.3	34.74
04/01/07	4.28	3.76	33.39	34.75
05/01/07	3.36	2.94	33.55	34.86
06/01/07	4.05	3.55	33.63	34.92
07/01/07	3.23	2.82	33.96	35
08/01/07	-0.48	-0.48	33.95	35.05
09/01/07	4.40	3.85	33.74	34.96
10/01/07	-0.51	-0.51	33.85	35.05
11/01/07	-0.43	-0.44	33.69	34.96
12/01/07	8.96	7.88	33.97	34.87
13/01/07	-0.56	-0.56	33.89	35.14
14/01/07	1.53	1.29	33.69	35.04
15/01/07	-0.59	-0.59	33.63	35.02
16/01/07	-0.58	-0.58	33.48	34.92
17/01/07	-0.58	-0.58	33.38	34.84
18/01/07	-0.48	-0.49	33.4	34.76
19/01/07	80.82	75.82	38.16	34.69
20/01/07	3.32	2.87	39.42	37.58
21/01/07	2.52	2.16	36.96	37.44
22/01/07	-0.57	-0.57	36.13	37.29
23/01/07	-0.57	-0.57	35.84	37.05
24/01/07	-0.57	-0.57	35.65	36.83
25/01/07	-0.57	-0.57	35.28	36.63
26/01/07	-0.57	-0.57	35.07	36.45
27/01/07	-0.57	-0.57	34.93	36.28
28/01/07	7.54	7.10	34.78	36.12
29/01/07	7.94	6.41	34.98	36.27
30/01/07	-0.56	-0.56	35.15	36.39
31/01/07	-0.56	-0.56	35.02	36.23
01/02/07	2.34	1.99	34.85	36.08
02/02/07	-0.56	-0.56	34.72	36.04
03/02/07	2.75	2.35	34.77	35.9
04/02/07	-0.55	-0.55	34.69	35.89
05/02/07	-0.45	-0.46	34.65	35.77
06/02/07	13.75	12.01	34.77	35.66
07/02/07	-0.45	-0.46	34.8	36.05
08/02/07	0.95	0.77	34.76	35.91
09/02/07	6.96	6.03	34.91	35.84
10/02/07	-0.54	-0.54	34.81	35.98
11/02/07	1.06	0.86	34.75	35.85
12/02/07	7.66	6.64	34.65	35.78
13/02/07	3.26	2.79	34.77	35.95
14/02/07	1.06	0.86	34.79	35.95
15/02/07	14.37	12.50	35.02	35.88
16/02/07	2.96	2.52	35.51	36.27
17/02/07	-0.55	-0.55	35.3	36.24
18/02/07	-0.56	-0.56	35.09	36.09
19/02/07	-0.56	-0.56	34.9	35.95
20/02/07	-0.57	-0.57	34.77	35.82
21/02/07	-0.58	-0.58	34.69	35.7
22/02/07	-0.59	-0.59	34.61	35.59
23/02/07	-0.59	-0.59	34.53	35.49
24/02/07	-0.60	-0.60	34.44	35.39
25/02/07	2.69	2.27	34.41	35.29
26/02/07	4.89	4.18	34.41	35.33
27/02/07	12.68	10.96	34.59	35.43
28/02/07	17.87	15.47	36.02	35.8
01/03/07	5.96	5.11	36.06	36.31
02/03/07	3.96	3.36	35.66	36.37
03/03/07	14.25	12.30	35.73	36.36
04/03/07	3.04	2.56	36.79	36.69
05/03/07	-0.66	-0.66	36.03	36.63
06/03/07	-0.67	-0.67	35.69	36.45
07/03/07	-0.68	-0.68	35.49	36.29
08/03/07	24.01	20.75	35.66	36.13
09/03/07	3.11	2.60	36.48	36.82
10/03/07	4.50	3.81	36.05	36.75
11/03/07	-0.71	-0.71	35.75	36.74
12/03/07	-0.71	-0.71	35.61	36.56
13/03/07	-0.72	-0.72	35.5	36.39
14/03/07	-0.73	-0.73	35.45	36.23
15/03/07	-0.74	-0.74	35.31	36.09
16/03/07	-0.77	-0.77	35.25	35.95
17/03/07	-0.80	-0.80	35.16	35.82
18/03/07	-0.64	-0.66	35.14	35.7
19/03/07	10.53	8.98	35.16	35.59
20/03/07	-0.90	-0.90	35.25	35.88
21/03/07	-0.93	-0.93	35.14	35.75
22/03/07	-0.17	-0.17	35.14	35.62
23/03/07	-1.00	-1.00	35.28	35.54
24/03/07	11.17	9.65	36.63	35.43
25/03/07	8.63	8.62	36.37	35.75
26/03/07	4.60	2.23	36.5	36.01
27/03/07	-1.13	-1.13	36.31	35.98
28/03/07	-1.17	-1.17	36.17	35.83
29/03/07	-1.20	-1.20	36.03	35.69
30/03/07	-1.23	-1.23	35.89	35.55
31/03/07	-1.27	-1.27	35.83	35.43
01/04/07	-1.30	-1.30	35.69	35.31
02/04/07	-1.33	-1.33	35.54	35.19
03/04/07	-0.17	-0.33	35.56	35.08
04/04/07	-1.40	-1.40	35.39	35.01
05/04/07	-1.43	-1.43	35.24	34.9
06/04/07	-1.47	-1.47	35.17	34.78
07/04/07	-1.50	-1.50	35.15	34.67
08/04/07	-1.53	-1.53	35.06	34.56
09/04/07	-1.56	-1.56	34.98	34.5
10/04/07	-1.60	-1.60	34.91	34.44
11/04/07	-1.63	-1.63	34.85	34.39
12/04/07	-1.66	-1.66	34.81	34.33
13/04/07	-1.70	-1.70	34.72	34.27
14/04/07	-1.73	-1.73	34.66	34.21
15/04/07	-1.76	-1.76	34.59	34.15
16/04/07	-1.78	-1.78	34.58	34.09
17/04/07	-1.79	-1.79	34.53	34.03
18/04/07	0.09	-0.18	34.44	33.97
19/04/07	-1.82	-1.82	34.42	33.94
20/04/07	-1.84	-1.84	34.36	33.88
21/04/07	-1.85	-1.85	34.31	33.81
22/04/07	-1.87	-1.87	34.24	33.75
23/04/07	-1.88	-1.88	34.18	33.69
24/04/07	-0.10	-0.36	34.2	33.62
25/04/07	-1.91	-1.91	34.17	33.59
26/04/07	-1.93	-1.93	34.18	33.52
27/04/07	-1.94	-1.94	34.11	33.46
28/04/07	-1.96	-1.96	34.09	33.39
29/04/07	-0.77	-0.95	34.07	33.33
30/04/07	-1.99	-1.99	34	33.28
01/05/07	-2.00	-2.00	33.98	33.21
02/05/07	-2.01	-2.01	33.92	33.15
03/05/07	-2.03	-2.03	33.92	33.08
04/05/07	-1.74	-1.79	33.92	33.01
05/05/07	0.74	0.32	33.88	32.94
06/05/07	4.93	3.86	33.83	32.93
07/05/07	-1.89	-1.92	33.85	32.99
08/05/07	25.30	21.12	33.94	32.93
09/05/07	72.28	67.28	36.19	33.37
10/05/07	1.07	0.58	36.77	36.14
11/05/07	-1.95	-1.98	35.37	35.99
12/05/07	-1.96	-1.99	34.92	35.75
13/05/07	-2.18	-2.18	34.68	35.52
14/05/07	-2.19	-2.19	34.53	35.31
15/05/07	8.19	6.59	34.49	35.12
16/05/07	-2.03	-2.06	34.34	35.29
17/05/07	7.65	6.11	34.32	35.1
18/05/07	-2.18	-2.19	34.24	35.26
19/05/07	-2.30	-2.30	34.11	35.07
20/05/07	-2.32	-2.32	34.02	34.89
21/05/07	-2.35	-2.35	33.94	34.73
22/05/07	3.83	2.86	33.91	34.57
23/05/07	-2.19	-2.22	33.94	34.64
24/05/07	-2.42	-2.42	33.89	34.49
25/05/07	-2.44	-2.44	33.84	34.35
26/05/07	-2.16	-2.21	33.87	34.2
27/05/07	-2.49	-2.49	33.82	34.06
28/05/07	-1.41	-1.58	33.78	33.9
29/05/07	3.57	2.60	33.84	33.84
30/05/07	1.55	0.89	33.7	33.86
31/05/07	-2.58	-2.58	33.68	33.86
01/06/07	7.80	6.13	33.7	33.78
02/06/07	1.88	1.15	33.7	33.88
03/06/07	-0.55	-0.88	33.69	33.88
04/06/07	-2.67	-2.67	33.67	33.84
05/06/07	-2.19	-2.27	33.58	33.76
06/06/07	-2.72	-2.72	33.58	33.69
07/06/07	-2.74	-2.74	33.53	33.61
08/06/07	-2.76	-2.76	33.34	33.53
09/06/07	-2.79	-2.79	33.15	33.45
10/06/07	5.19	3.89	33.14	33.36
11/06/07	-2.83	-2.83	33.19	33.42
12/06/07	2.34	1.49	33.14	33.34
13/06/07	0.62	0.05	33.06	33.35
14/06/07	-2.20	-2.32	32.78	33.32
15/06/07	-2.93	-2.93	33.03	33.25
16/06/07	-2.12	-2.26	33	33.16
17/06/07	-0.42	-0.84	32.97	33.09
18/06/07	-2.82	-2.84	32.94	33.05
19/06/07	-2.92	-2.92	32.89	32.96
20/06/07	-2.92	-2.92	32.92	32.87
21/06/07	39.38	34.38	33.07	32.78
22/06/07	10.78	8.49	33.06	33.8
23/06/07	0.08	-0.42	32.95	34.13
24/06/07	-2.92	-2.92	32.84	34.05
25/06/07	4.38	3.16	32.84	33.87
26/06/07	9.88	7.73	32.94	33.96
27/06/07	-1.42	-1.67	32.87	34.24
28/06/07	-2.92	-2.92	32.8	34.11
29/06/07	-2.92	-2.92	32.75	33.92
30/06/07	-2.92	-2.92	32.79	33.75
01/07/07	-2.91	-2.91	32.77	33.58
02/07/07	9.09	7.05	32.73	33.4
03/07/07	-2.61	-2.66	32.88	33.69
04/07/07	11.99	9.47	32.92	33.53
05/07/07	-1.11	-1.42	32.93	33.91
06/07/07	-1.81	-2.00	32.85	33.8
07/07/07	-2.91	-2.91	32.69	33.67
08/07/07	-2.91	-2.91	32.69	33.5
09/07/07	19.69	15.91	32.67	33.33
10/07/07	9.49	7.42	32.96	34
11/07/07	-2.51	-2.57	33.25	34.26
12/07/07	-0.91	-1.24	32.96	34.08
13/07/07	-1.91	-2.07	32.86	33.97
14/07/07	-2.91	-2.91	32.85	33.83
15/07/07	-2.90	-2.90	32.79	33.66
16/07/07	-2.90	-2.90	32.7	33.49
17/07/07	-2.89	-2.89	32.74	33.31
18/07/07	-2.88	-2.88	32.66	33.17
19/07/07	-2.87	-2.87	32.65	33.09
20/07/07	-2.87	-2.87	32.66	33
21/07/07	-2.86	-2.86	32.59	32.91
22/07/07	-2.75	-2.77	32.57	32.83
23/07/07	-2.84	-2.84	32.53	32.74
24/07/07	3.36	2.36	32.55	32.65
25/07/07	-1.53	-1.74	32.57	32.69
26/07/07	-2.82	-2.82	32.55	32.62
27/07/07	-2.81	-2.81	32.51	32.53
28/07/07	-1.91	-2.05	32.51	32.45
29/07/07	6.60	5.09	32.64	32.37
30/07/07	7.71	6.02	32.74	32.47
31/07/07	-2.78	-2.78	32.59	32.59
01/08/07	-2.78	-2.78	32.53	32.5
02/08/07	24.13	19.84	32.6	32.41
03/08/07	5.34	4.05	32.8	32.85
04/08/07	-2.55	-2.58	32.71	32.91
05/08/07	-2.74	-2.74	32.55	32.83
06/08/07	-2.74	-2.74	32.51	32.75
07/08/07	-2.73	-2.73	32.47	32.67
08/08/07	-2.02	-2.13	32.49	32.58
09/08/07	8.59	6.81	32.47	32.51
10/08/07	-2.51	-2.54	32.55	32.64
11/08/07	11.20	9.02	32.59	32.56
12/08/07	-0.09	-0.50	32.8	32.74
13/08/07	-2.68	-2.68	32.64	32.71
14/08/07	-2.68	-2.68	32.48	32.63
15/08/07	-2.67	-2.67	32.43	32.54
16/08/07	-2.24	-2.30	32.43	32.46
17/08/07	10.79	8.71	32.47	32.38
18/08/07	-2.59	-2.59	32.63	32.56
19/08/07	4.44	3.36	32.48	32.48
20/08/07	-0.53	-0.84	32.48	32.54
21/08/07	-2.51	-2.51	32.43	32.49
22/08/07	-2.28	-2.31	32.37	32.41
23/08/07	-2.45	-2.45	32.31	32.34
24/08/07	-2.43	-2.43	32.28	32.26
25/08/07	-2.40	-2.40	32.27	32.18
26/08/07	-2.37	-2.37	32.33	32.1
27/08/07	-2.35	-2.35	32.27	32.01
28/08/07	-1.42	-1.56	32.27	31.93
29/08/07	2.71	1.95	32.3	31.87
30/08/07	16.13	13.36	32.57	31.9
31/08/07	-2.24	-2.24	32.41	32.21
01/09/07	3.69	2.80	32.33	32.13
02/09/07	-0.88	-1.08	32.29	32.18
03/09/07	6.94	5.58	32.28	32.13
04/09/07	4.17	3.23	32.57	32.24
05/09/07	13.40	11.09	33.23	32.29
06/09/07	98.32	93.32	41.67	32.78
07/09/07	74.05	69.05	44.77	36.5
08/09/07	9.08	7.44	39.93	38.75
09/09/07	-1.20	-1.31	38.23	38.62
10/09/07	1.63	1.10	37.25	38.19
11/09/07	20.56	17.26	37.73	37.89
12/09/07	4.78	3.80	38.7	38.2
13/09/07	-1.89	-1.89	37.34	38.01
14/09/07	-1.76	-1.78	36.64	37.64
15/09/07	-1.64	-1.66	36.06	37.3
16/09/07	-1.81	-1.81	35.84	37
17/09/07	0.52	0.19	35.66	36.71
18/09/07	1.35	0.90	35.46	36.52
19/09/07	-1.63	-1.64	35.21	36.37
20/09/07	-1.70	-1.70	35.06	36.14
21/09/07	-1.67	-1.67	34.95	35.92
22/09/07	-1.64	-1.64	34.85	35.72
23/09/07	-1.62	-1.62	34.75	35.54
24/09/07	-1.59	-1.59	34.68	35.37
25/09/07	-0.06	-0.27	34.62	35.21
26/09/07	-1.13	-1.19	34.53	35.11
27/09/07	-1.21	-1.25	34.49	34.99
28/09/07	1.72	1.27	34.42	34.86
29/09/07	-1.45	-1.45	34.32	34.85
30/09/07	-1.42	-1.42	34.25	34.73
01/10/07	-1.40	-1.40	34.17	34.61
02/10/07	-1.37	-1.37	34.1	34.5
03/10/07	-1.34	-1.34	34.04	34.38
04/10/07	1.88	1.44	34.05	34.27
05/10/07	18.51	15.77	34.2	34.29
06/10/07	-1.26	-1.26	34.17	34.91
07/10/07	-1.23	-1.23	34	34.78
08/10/07	-1.21	-1.21	33.92	34.66
09/10/07	-1.18	-1.18	33.87	34.56
10/10/07	-1.15	-1.15	33.8	34.45
11/10/07	-1.12	-1.12	33.78	34.35
12/10/07	-0.20	-0.32	33.76	34.25
13/10/07	6.23	5.24	33.89	34.19
14/10/07	-1.04	-1.04	33.78	34.37
15/10/07	-1.01	-1.01	33.69	34.28
16/10/07	-0.99	-0.99	33.72	34.19
17/10/07	-0.96	-0.96	33.63	34.1
18/10/07	2.67	2.19	33.59	34.01
19/10/07	8.90	7.58	33.6	34.07
20/10/07	-0.87	-0.87	33.78	34.36
21/10/07	12.45	10.68	34.33	34.27
22/10/07	-0.82	-0.82	34.56	34.67
23/10/07	-0.79	-0.79	35.17	34.57
24/10/07	4.14	3.70	35.63	34.47
25/10/07	7.57	7.53	35.3	34.57
26/10/07	14.49	14.49	35.2	34.81
27/10/07	14.12	8.85	35.27	35.31
28/10/07	10.35	8.91	37.22	35.54
29/10/07	-0.62	-0.62	35.32	35.75
30/10/07	1.21	0.97	34.99	35.58
31/10/07	4.64	3.96	34.78	35.49
01/11/07	-0.54	-0.54	34.57	35.52
02/11/07	-0.51	-0.51	34.48	35.37
03/11/07	0.42	0.30	34.42	35.24
04/11/07	12.85	11.13	34.61	35.15
05/11/07	-0.32	-0.34	34.55	35.49
06/11/07	11.00	9.54	34.54	35.36
07/11/07	19.83	17.25	35.16	35.62
08/11/07	19.36	16.85	35.65	36.16
09/11/07	17.19	14.96	35.5	36.63
10/11/07	24.02	20.93	35.58	36.99
11/11/07	29.84	26.03	37.49	37.54
12/11/07	5.27	4.58	38.72	38.23
13/11/07	4.50	3.91	37.11	38.1
14/11/07	-0.17	-0.17	36.64	37.96
15/11/07	-0.14	-0.14	36.28	37.69
16/11/07	-0.14	-0.14	36.02	37.44
17/11/07	-0.13	-0.13	35.84	37.21
18/11/07	-0.13	-0.13	35.74	37
19/11/07	-0.12	-0.12	35.64	36.81
20/11/07	-0.12	-0.12	35.54	36.63
21/11/07	-0.11	-0.11	35.44	36.47
22/11/07	-0.11	-0.11	35.35	36.31
23/11/07	7.90	6.90	35.59	36.17
24/11/07	1.20	1.04	35.8	36.31
25/11/07	7.70	6.75	35.71	36.21
26/11/07	12.51	10.98	36.33	36.34
27/11/07	-0.09	-0.09	35.94	36.62
28/11/07	-0.08	-0.08	35.74	36.45
29/11/07	-0.08	-0.08	35.56	36.3
30/11/07	-0.07	-0.07	35.53	36.16
01/12/07	17.43	16.20	36.02	36.03
02/12/07	5.64	4.09	36.57	36.54
03/12/07	15.44	13.59	36.66	36.54
04/12/07	1.65	1.45	36.98	36.9
05/12/07	2.35	2.07	36.47	36.77
06/12/07	3.36	2.95	36.38	36.68
07/12/07	6.16	5.43	36.47	36.63
08/12/07	5.17	4.55	36.62	36.68
09/12/07	1.87	1.65	36.6	36.69
10/12/07	2.58	2.27	36.39	36.59
11/12/07	9.38	8.28	36.15	36.53
12/12/07	-0.01	-0.01	37.42	36.69
13/12/07	-0.01	-0.01	37.59	36.53
14/12/07	0.00	0.00	37.18	36.38
15/12/07	0.00	0.00	36.82	36.24
16/12/07	0.00	0.00	36.62	36.12
17/12/07	0.00	0.00	36.37	36
18/12/07	-0.01	-0.01	36.24	35.89
19/12/07	-0.01	-0.01	36.18	35.78
20/12/07	-0.01	-0.01	36.06	35.68
21/12/07	-0.01	-0.01	35.96	35.59
22/12/07	-0.01	-0.01	35.9	35.5
23/12/07	-0.02	-0.02	35.79	35.42
24/12/07	-0.02	-0.02	35.75	35.34
25/12/07	-0.02	-0.02	35.65	35.27
26/12/07	-0.02	-0.02	35.58	35.2
27/12/07	-0.02	-0.02	35.49	35.13
28/12/07	-0.02	-0.02	35.38	35.07
29/12/07	-0.03	-0.03	35.34	35
30/12/07	-0.03	-0.03	35.32	34.94
31/12/07	-0.03	-0.03	35.23	34.88
01/01/08	-0.03	-0.03	35.13	34.82
02/01/08	-0.03	-0.03	35.06	34.76
03/01/08	-0.04	-0.04	35.03	34.7
04/01/08	-0.04	-0.04	34.97	34.65
05/01/08	-0.04	-0.04	34.93	34.59
06/01/08	-0.04	-0.04	34.92	34.54
07/01/08	9.26	8.93	35	34.49
08/01/08	2.05	2.04	35.57	34.82
09/01/08	-0.05	-0.05	35.65	34.85
10/01/08	2.75	2.75	35.59	34.79
11/01/08	-0.05	-0.05	35.53	34.85
12/01/08	2.35	2.26	35.47	34.79
13/01/08	1.55	1.55	35.42	34.82
14/01/08	-0.06	-0.06	35.39	34.83
15/01/08	-0.06	-0.06	35.36	34.76
16/01/08	2.33	2.33	35.3	34.7
17/01/08	-0.08	-0.08	35.24	34.75
18/01/08	19.32	18.46	35.19	34.69
19/01/08	25.41	19.23	35.68	35.38
20/01/08	0.30	0.25	35.72	36.03
21/01/08	-0.11	-0.11	35.13	35.89
22/01/08	19.48	17.19	35.44	35.74
23/01/08	-0.13	-0.13	35.54	36.28
24/01/08	-0.14	-0.14	35.1	36.11
25/01/08	1.16	1.00	34.92	35.96
26/01/08	-0.15	-0.15	34.78	35.86
27/01/08	48.04	44.56	35.93	35.73
28/01/08	10.43	6.95	37.13	37.29
29/01/08	-0.18	-0.18	36.17	37.32
30/01/08	-0.19	-0.19	35.79	37.09
31/01/08	-0.19	-0.19	35.58	36.88
01/02/08	-0.20	-0.20	35.42	36.68
02/02/08	-0.21	-0.21	35.42	36.5
03/02/08	-0.22	-0.22	35.2	36.34
04/02/08	-0.23	-0.23	35.07	36.18
05/02/08	1.46	1.26	34.94	36.04
06/02/08	-0.15	-0.16	34.9	35.96
07/02/08	-0.25	-0.25	34.8	35.84
08/02/08	-0.26	-0.26	34.73	35.72
09/02/08	-0.27	-0.27	34.7	35.61
10/02/08	-0.28	-0.28	34.65	35.5
11/02/08	-0.29	-0.29	34.58	35.4
12/02/08	-0.30	-0.30	34.49	35.31
13/02/08	-0.31	-0.31	34.47	35.22
14/02/08	-0.31	-0.31	34.38	35.14
15/02/08	-0.32	-0.32	34.32	35.06
16/02/08	-0.33	-0.33	34.35	34.99
17/02/08	-0.34	-0.34	34.21	34.91
18/02/08	1.25	1.25	34.17	34.84
19/02/08	0.65	0.32	34.22	34.84
20/02/08	-0.36	-0.36	34.14	34.8
21/02/08	1.13	0.94	34.1	34.72
22/02/08	0.02	-0.03	34.11	34.71
23/02/08	-0.39	-0.39	34.05	34.66
24/02/08	-0.40	-0.40	33.97	34.59
25/02/08	-0.40	-0.40	33.97	34.52
26/02/08	-0.41	-0.41	33.92	34.45
27/02/08	3.68	3.15	33.91	34.39
28/02/08	-0.43	-0.43	33.83	34.48
29/02/08	9.66	8.35	33.87	34.42
01/03/08	19.46	16.87	34.55	34.73
02/03/08	8.75	7.55	34.87	35.36
03/03/08	2.04	1.71	34.76	35.56
04/03/08	1.13	0.92	34.48	35.52
05/03/08	-0.48	-0.48	34.24	35.44
06/03/08	-0.48	-0.48	34.14	35.32
07/03/08	-0.49	-0.49	34.05	35.21
08/03/08	-0.10	-0.15	34.13	35.1
09/03/08	-0.51	-0.51	34.02	35.02
10/03/08	-0.52	-0.52	33.98	34.92
11/03/08	2.48	2.08	33.91	34.83
12/03/08	28.47	24.59	33.83	34.86
13/03/08	13.66	11.76	35.19	35.78
14/03/08	29.05	25.08	35.6	36.11
15/03/08	2.14	1.78	37.22	36.9
16/03/08	-0.28	-0.32	36.3	36.77
17/03/08	10.50	9.00	35.84	36.56
18/03/08	2.97	2.49	35.74	36.73
19/03/08	0.65	0.47	35.57	36.64
20/03/08	-0.67	-0.67	35.37	36.48
21/03/08	0.70	0.51	35.39	36.29
22/03/08	1.28	1.01	35.41	36.17
23/03/08	-0.74	-0.74	35.25	36.07
24/03/08	-0.77	-0.77	35.14	35.91
25/03/08	-0.79	-0.79	35.03	35.76
26/03/08	-0.81	-0.81	34.91	35.62
27/03/08	9.96	9.96	35.03	35.49
28/03/08	4.64	2.39	35.2	35.8
29/03/08	-0.78	-0.80	35.15	35.78
30/03/08	-0.91	-0.91	35.12	35.64
31/03/08	-0.93	-0.93	34.98	35.5
01/04/08	0.05	-0.09	34.88	35.37
02/04/08	16.62	14.15	34.97	35.29
03/04/08	14.70	12.49	35.68	35.78
04/04/08	0.58	0.35	35.39	36.15
05/04/08	-0.85	-0.87	35.24	36.03
06/04/08	1.63	1.25	35.14	35.86
07/04/08	2.41	1.91	35.09	35.8
08/04/08	-1.11	-1.11	34.94	35.76
09/04/08	-1.14	-1.14	34.83	35.61
10/04/08	-1.16	-1.16	34.81	35.46
11/04/08	-1.18	-1.18	34.73	35.33
12/04/08	-1.21	-1.21	34.61	35.2
13/04/08	-1.23	-1.23	34.49	35.08
14/04/08	1.35	0.97	34.48	34.96
15/04/08	1.02	0.69	34.43	34.95
16/04/08	2.59	2.03	34.39	34.92
17/04/08	-1.34	-1.34	34.34	34.95
18/04/08	-1.37	-1.37	34.29	34.83
19/04/08	-0.69	-0.80	34.24	34.72
20/04/08	-1.42	-1.42	34.17	34.63
21/04/08	7.75	6.40	34.16	34.52
22/04/08	6.82	5.60	34.14	34.75
23/04/08	19.49	16.39	34.44	34.93
24/04/08	-1.54	-1.54	34.34	35.53
25/04/08	6.03	4.91	34.2	35.36
26/04/08	-0.20	-0.41	34.24	35.46
27/04/08	-1.63	-1.63	34.19	35.35
28/04/08	-1.66	-1.66	34.17	35.19
29/04/08	6.41	5.20	34.14	35.04
30/04/08	-1.72	-1.72	34.13	35.18
01/05/08	-1.74	-1.74	34.03	35.03
02/05/08	-1.47	-1.52	33.95	34.89
03/05/08	-0.30	-0.53	33.89	34.76
04/05/08	1.97	1.39	33.87	34.69
05/05/08	10.74	8.83	33.87	34.69
06/05/08	9.21	7.53	34.13	35.01
07/05/08	-1.92	-1.92	34.19	35.24
08/05/08	-1.95	-1.95	34.04	35.07
09/05/08	-1.98	-1.98	33.95	34.92
10/05/08	-2.01	-2.01	33.89	34.77
11/05/08	-2.04	-2.04	33.83	34.63
12/05/08	-2.07	-2.07	33.8	34.49
13/05/08	-2.10	-2.10	33.75	34.35
14/05/08	-2.12	-2.12	33.7	34.21
15/05/08	-2.15	-2.15	33.66	34.07
16/05/08	-2.08	-2.09	33.61	34
17/05/08	-2.20	-2.20	33.6	33.94
18/05/08	2.58	1.83	33.54	33.87
19/05/08	3.95	2.99	33.56	33.88
20/05/08	5.13	3.97	33.56	33.91
21/05/08	-1.99	-2.04	33.69	33.97
22/05/08	-0.42	-0.71	34.53	33.9
23/05/08	-2.34	-2.34	34.43	33.86
24/05/08	-2.36	-2.36	34.42	33.79
25/05/08	-2.39	-2.39	34.4	33.72
26/05/08	-2.41	-2.41	34.36	33.65
27/05/08	-2.43	-2.43	34.33	33.57
28/05/08	-2.46	-2.46	34.31	33.5
29/05/08	-2.48	-2.48	34.27	33.42
30/05/08	-2.50	-2.50	34.24	33.34
31/05/08	-2.53	-2.53	34.2	33.27
01/06/08	8.65	6.86	34.2	33.19
02/06/08	-2.57	-2.57	34.21	33.31
03/06/08	-2.50	-2.51	34.12	33.23
04/06/08	32.78	27.78	34.53	33.15
05/06/08	5.96	4.57	35.05	33.71
06/06/08	-2.57	-2.58	34.65	34.04
07/06/08	-0.89	-1.18	34.4	33.89
08/06/08	6.89	5.33	34.64	33.8
09/06/08	-1.84	-1.98	34.41	33.99
10/06/08	-2.76	-2.76	35	33.87
11/06/08	-2.38	-2.45	34.59	33.7
12/06/08	2.29	1.46	34.2	33.54
13/06/08	-0.13	-0.57	34.13	33.58
14/06/08	-2.85	-2.85	34.07	33.51
15/06/08	-2.88	-2.88	34.05	33.41
16/06/08	-2.87	-2.87	33.99	33.32
17/06/08	4.63	3.39	33.99	33.24
18/06/08	0.64	0.06	33.98	33.29
19/06/08	-2.86	-2.86	33.69	33.26
20/06/08	-2.85	-2.85	33.87	33.18
21/06/08	-2.85	-2.85	33.82	33.1
22/06/08	-2.85	-2.85	33.83	33.01
23/06/08	3.96	2.82	33.82	32.92
24/06/08	-2.84	-2.84	33.9	32.96
25/06/08	9.57	7.48	33.81	32.88
26/06/08	19.57	15.80	34.17	33.02
27/06/08	5.88	4.41	34.64	33.33
28/06/08	-2.32	-2.40	34.14	33.4
29/06/08	-2.81	-2.81	33.99	33.33
30/06/08	21.29	17.20	35.06	33.24
01/07/08	-2.81	-2.81	34.75	34.02
02/07/08	-2.80	-2.80	34.49	33.84
03/07/08	11.40	9.00	34.72	33.67
04/07/08	2.11	1.28	34.95	34.02
05/07/08	-2.79	-2.79	34.72	34.02
06/07/08	4.42	3.20	34.84	33.84
07/07/08	21.32	17.27	35.88	33.93
08/07/08	1.02	0.39	35.65	34.6
09/07/08	-2.67	-2.69	35.42	34.52
10/07/08	-1.87	-2.02	35.19	34.33
11/07/08	-2.76	-2.76	34.95	34.17
12/07/08	11.04	8.75	35.19	34
13/07/08	-2.35	-2.42	34.95	34.31
14/07/08	13.75	11.02	35.42	34.15
15/07/08	-2.74	-2.74	34.95	34.54
16/07/08	-2.75	-2.75	34.72	34.35
17/07/08	12.55	10.03	34.95	34.17
18/07/08	-2.65	-2.66	34.72	34.53
19/07/08	-2.35	-2.42	34.49	34.34
20/07/08	23.15	18.90	35.88	34.17
21/07/08	-0.05	-0.49	35.42	34.9
22/07/08	7.25	5.61	35.65	34.77
23/07/08	31.55	26.55	36.34	34.91
24/07/08	26.54	21.78	37.66	35.85
25/07/08	15.64	12.66	37.49	36.51
26/07/08	-2.56	-2.59	36.4	36.78
27/07/08	-2.76	-2.76	35.34	36.46
28/07/08	-2.76	-2.76	34.79	36.16
29/07/08	-2.76	-2.76	34.41	35.89
30/07/08	-1.66	-1.84	34.17	35.63
31/07/08	-2.67	-2.68	34.05	35.43
01/08/08	-1.77	-1.93	33.94	35.21
02/08/08	0.23	-0.25	33.83	35.03
03/08/08	-2.37	-2.43	33.74	34.94
04/08/08	-1.77	-1.93	33.66	34.76
05/08/08	-1.37	-1.59	33.56	34.61
06/08/08	-2.77	-2.77	33.48	34.49
07/08/08	-2.77	-2.77	33.43	34.32
08/08/08	30.52	25.52	33.6	34.15
09/08/08	-2.58	-2.61	33.85	35.17
10/08/08	-2.78	-2.78	33.53	34.97
11/08/08	-2.78	-2.78	33.41	34.77
12/08/08	-2.78	-2.78	33.28	34.59
13/08/08	-1.38	-1.60	33.21	34.41
14/08/08	-2.78	-2.78	33.16	34.29
15/08/08	41.42	36.42	33.3	34.12
16/08/08	34.14	29.14	37.73	35.57
17/08/08	-2.63	-2.64	35.52	36.56
18/08/08	-2.70	-2.70	34.53	36.26
19/08/08	-2.67	-2.67	34.18	35.98
20/08/08	-2.34	-2.39	33.96	35.73
21/08/08	-2.62	-2.62	33.8	35.5
22/08/08	-2.29	-2.33	33.74	35.29
23/08/08	-0.76	-1.04	33.63	35.09
24/08/08	-2.53	-2.53	33.55	34.97
25/08/08	-2.50	-2.50	33.47	34.79
26/08/08	-2.48	-2.48	33.4	34.62
27/08/08	-2.45	-2.45	33.37	34.46
28/08/08	-2.42	-2.42	33.32	34.3
29/08/08	-2.39	-2.39	33.28	34.14
30/08/08	-2.36	-2.36	33.23	34.01
31/08/08	-2.34	-2.34	33.18	33.94
01/09/08	12.69	10.44	33.23	33.86
02/09/08	-2.28	-2.28	33.02	34.04
03/09/08	-2.25	-2.25	33.14	33.97
04/09/08	-2.23	-2.23	33.11	33.9
05/09/08	-2.20	-2.20	33.04	33.83
06/09/08	-2.17	-2.17	33.02	33.76
07/09/08	7.86	6.38	33	33.69
08/09/08	0.89	0.44	33.06	33.79
09/09/08	-2.09	-2.09	32.99	33.78
10/09/08	-1.06	-1.20	32.92	33.71
11/09/08	-2.03	-2.03	32.85	33.66
12/09/08	9.00	7.39	32.85	33.6
13/09/08	-0.97	-1.12	32.85	33.72
14/09/08	0.05	-0.24	32.79	33.67
15/09/08	42.08	37.08	33.22	33.64
16/09/08	37.10	32.10	35.84	35.08
17/09/08	-1.88	-1.88	35.52	36.22
18/09/08	-1.86	-1.86	34.12	35.96
19/09/08	-1.84	-1.84	33.72	35.73
20/09/08	4.18	3.32	33.54	35.52
21/09/08	0.20	-0.09	33.46	35.52
22/09/08	3.22	2.50	33.45	35.39
23/09/08	-1.76	-1.76	33.4	35.38
24/09/08	-1.74	-1.74	33.32	35.19
25/09/08	14.28	12.00	33.5	35.03
26/09/08	0.30	0.01	34.05	35.42
27/09/08	-1.69	-1.69	33.77	35.3
28/09/08	-1.67	-1.67	33.63	35.13
29/09/08	-1.65	-1.65	33.54	34.97
30/09/08	-0.63	-0.77	33.45	34.82
01/10/08	4.39	3.55	33.43	34.72
02/10/08	2.41	1.85	33.34	34.8
03/10/08	18.43	15.64	33.54	34.81
04/10/08	8.45	7.06	34.7	35.36
05/10/08	-1.53	-1.53	34.42	35.53
06/10/08	-0.21	-0.39	34.06	35.35
07/10/08	1.41	1.01	33.83	35.22
08/10/08	-1.47	-1.47	33.65	35.16
09/10/08	-1.45	-1.45	33.51	35.01
10/10/08	-1.43	-1.43	33.4	34.87
11/10/08	-1.41	-1.41	33.36	34.73
12/10/08	-1.39	-1.39	33.32	34.61
13/10/08	-1.38	-1.38	33.26	34.5
14/10/08	-1.16	-1.18	33.23	34.38
15/10/08	-1.34	-1.34	33.19	34.28
16/10/08	6.78	5.69	33.19	34.18
17/10/08	0.60	0.35	33.15	34.38
18/10/08	-1.28	-1.28	33.1	34.35
19/10/08	-1.26	-1.26	33.02	34.24
20/10/08	-1.24	-1.24	33.01	34.14
21/10/08	-1.21	-1.21	32.99	34.04
22/10/08	-0.79	-0.85	32.95	33.94
23/10/08	0.63	0.39	32.91	33.86
24/10/08	-1.15	-1.15	32.87	33.84
25/10/08	-1.13	-1.13	32.84	33.78
26/10/08	-1.11	-1.11	32.81	33.73
27/10/08	-1.09	-1.09	32.82	33.69
28/10/08	-1.07	-1.07	32.79	33.64
29/10/08	-0.75	-0.79	32.77	33.59
30/10/08	-0.53	-0.60	32.73	33.55
31/10/08	-1.01	-1.01	32.7	33.52
01/11/08	-0.99	-0.99	32.64	33.47
02/11/08	-0.97	-0.97	32.63	33.43
03/11/08	-0.95	-0.95	32.64	33.38
04/11/08	-0.93	-0.93	32.62	33.34
05/11/08	-0.91	-0.91	32.56	33.3
06/11/08	-0.89	-0.89	32.58	33.25
07/11/08	0.53	0.35	32.56	33.21
08/11/08	5.45	4.65	32.62	33.19
09/11/08	-0.83	-0.83	32.58	33.27
10/11/08	-0.81	-0.81	32.55	33.22
11/11/08	-0.79	-0.79	32.53	33.18
12/11/08	0.03	-0.07	32.48	33.14
13/11/08	8.15	7.03	32.56	33.12
14/11/08	-0.73	-0.73	32.53	33.24
15/11/08	-0.71	-0.71	32.7	33.2
16/11/08	7.32	6.32	32.5	33.16
17/11/08	-0.66	-0.66	32.79	33.27
18/11/08	-0.64	-0.64	32.6	33.23
19/11/08	7.39	6.39	32.51	33.19
20/11/08	0.81	0.64	32.5	33.3
21/11/08	70.33	65.33	35.87	33.29
22/11/08	-0.54	-0.54	35.65	35.93
23/11/08	-0.52	-0.52	34.21	35.72
24/11/08	-0.50	-0.50	33.82	35.54
25/11/08	-0.47	-0.47	33.5	35.37
26/11/08	-0.45	-0.45	33.32	35.22
27/11/08	-0.42	-0.42	33.24	35.08
28/11/08	-0.40	-0.40	33.28	34.95
29/11/08	-0.38	-0.38	33.24	34.83
30/11/08	7.25	7.25	33.25	34.73
01/12/08	4.47	2.96	33.77	34.94
02/12/08	0.69	0.57	33.81	34.96
03/12/08	-0.28	-0.28	33.63	34.88
04/12/08	-0.26	-0.26	33.48	34.78
05/12/08	-0.24	-0.24	33.38	34.68
06/12/08	3.99	3.87	33.25	34.6
07/12/08	14.61	12.48	33.48	34.68
08/12/08	0.03	0.01	33.68	35.11
09/12/08	-0.14	-0.14	33.54	35
10/12/08	-0.12	-0.12	32.84	34.9
11/12/08	-0.09	-0.09	33.32	34.8
12/12/08	-0.07	-0.07	33.19	34.71
13/12/08	-0.05	-0.05	33.15	34.63
14/12/08	5.08	4.48	33.15	34.56
15/12/08	0.00	0.00	33.1	34.68
16/12/08	0.00	0.00	33.13	34.6
17/12/08	4.60	4.07	33.21	34.53
18/12/08	0.00	0.00	33.1	34.63
19/12/08	25.00	22.46	33.39	34.56
20/12/08	34.90	31.70	34.94	35.39
21/12/08	29.50	27.06	38.44	36.48
22/12/08	10.50	7.30	37.47	37.28
23/12/08	1.20	1.06	36.7	37.29
24/12/08	4.90	4.35	35.97	37.08
25/12/08	0.00	0.00	35.66	37.02
26/12/08	0.00	0.00	35.34	36.8
27/12/08	0.00	0.00	35.09	36.59
28/12/08	0.00	0.00	34.9	36.41
29/12/08	0.00	0.00	34.72	36.24
30/12/08	0.00	0.00	34.58	36.08
31/12/08	0.00	0.00	34.48	35.93
01/01/09	0.00	0.00	34.38	35.8
02/01/09	0.00	0.00	34.27	35.67
03/01/09	0.00	0.00	34.19	35.56
04/01/09	0.00	0.00	34.12	35.45
05/01/09	0.00	0.00	34.03	35.35
06/01/09	0.00	0.00	33.94	35.26
07/01/09	0.00	0.00	33.85	35.17
08/01/09	0.00	0.00	33.76	35.09
09/01/09	0.00	0.00	33.68	35.01
10/01/09	0.00	0.00	33.63	34.94
11/01/09	0.00	0.00	33.54	34.87
12/01/09	0.00	0.00	33.48	34.8
13/01/09	0.00	0.00	33.44	34.74
14/01/09	0.00	0.00	33.4	34.68
15/01/09	0.00	0.00	33.34	34.63
16/01/09	0.00	0.00	33.28	34.57
17/01/09	0.00	0.00	33.25	34.51
18/01/09	0.00	0.00	33.25	34.46
19/01/09	3.10	2.75	33.23	34.41
20/01/09	0.00	0.00	33.19	34.47
21/01/09	0.00	0.00	33.15	34.42
22/01/09	0.00	0.00	33.16	34.37
23/01/09	0.00	0.00	33.26	34.32
24/01/09	4.40	4.40	33.53	34.27
25/01/09	0.00	0.00	33.14	34.41
26/01/09	0.00	0.00	33.02	34.36
27/01/09	0.00	0.00	33.33	34.31
28/01/09	0.00	0.00	33.32	34.26
29/01/09	0.00	0.00	33.67	34.21
30/01/09	0.00	0.00	33.9	34.17
31/01/09	0.00	0.00	33.89	34.12
01/02/09	0.00	0.00	33.89	34.08
02/02/09	0.40	0.40	33.85	34.03
03/02/09	6.00	6.00	33.91	34.01
04/02/09	0.00	0.00	33.97	34.23
05/02/09	0.00	0.00	33.91	34.18
06/02/09	0.00	0.00	33.96	34.14
07/02/09	19.20	19.20	34.38	34.09
08/02/09	0.00	0.00	34.61	34.85
09/02/09	0.00	0.00	34.5	34.76
10/02/09	8.20	8.08	34.28	34.67
11/02/09	0.00	0.00	34.22	34.93
12/02/09	0.00	0.00	34.07	34.83
13/02/09	0.00	0.00	34	34.74
14/02/09	0.00	0.00	33.94	34.66
15/02/09	0.00	0.00	33.88	34.59
16/02/09	-0.01	-0.01	33.87	34.52
17/02/09	-0.03	-0.03	33.89	34.45
18/02/09	-0.04	-0.04	33.88	34.39
19/02/09	-0.05	-0.05	33.82	34.34
20/02/09	-0.07	-0.07	33.8	34.28
21/02/09	-0.08	-0.08	33.77	34.23
22/02/09	-0.09	-0.09	33.8	34.18
23/02/09	28.90	25.44	34.95	34.13
24/02/09	-0.12	-0.12	35.38	35.13
25/02/09	-0.13	-0.13	34.59	35.01
26/02/09	-0.14	-0.14	34.35	34.9
27/02/09	30.94	27.85	35.64	34.81
28/02/09	14.33	13.49	37.7	35.81
01/03/09	3.82	3.82	37.15	36.17
02/03/09	8.40	7.75	36.82	36.14
03/03/09	7.29	7.04	37.28	36.26
04/03/09	12.58	12.58	37.75	36.35
05/03/09	13.97	13.68	38.54	36.63
06/03/09	8.25	7.98	38.47	36.94
07/03/09	18.94	16.72	38.73	37.02
08/03/09	13.03	13.01	38.4	37.41
09/03/09	25.21	22.84	39.22	37.64
10/03/09	9.00	8.93	38.72	38.21
11/03/09	33.09	29.01	39.62	38.24
12/03/09	19.37	17.38	39.64	38.98
13/03/09	30.26	27.98	41.7	39.25
14/03/09	12.05	12.05	40.71	39.88
15/03/09	20.23	19.24	40.84	39.91
16/03/09	14.79	14.79	41.11	40.19
17/03/09	15.04	3.45	40.67	40.3
18/03/09	13.89	-0.51	40.58	40.03
19/03/09	10.94	8.69	40.16	39.64
20/03/09	-0.60	-0.60	39.76	39.61
21/03/09	-0.65	-0.65	39.38	39.26
22/03/09	2.10	0.94	39.16	38.93
23/03/09	4.45	3.74	39.26	38.69
24/03/09	14.20	12.14	39.8	38.56
25/03/09	-0.84	-0.84	39.41	38.75
26/03/09	15.81	14.16	39.57	38.46
27/03/09	11.26	8.91	39.72	38.73
28/03/09	-0.99	-0.99	39.91	38.79
29/03/09	14.76	12.57	40.06	38.5
30/03/09	6.82	5.71	40.15	38.71
31/03/09	-1.13	-1.13	40.08	38.66
01/04/09	-1.18	-1.18	40.12	38.37
02/04/09	-1.23	-1.23	40.54	38.1
03/04/09	-1.28	-1.28	40.63	37.85
04/04/09	-1.32	-1.32	40.54	37.62
05/04/09	-1.37	-1.37	40.36	37.39
06/04/09	-1.42	-1.42	40.25	37.18
07/04/09	-1.47	-1.47	40.05	36.98
08/04/09	1.78	1.31	39.83	36.79
09/04/09	-1.56	-1.56	39.63	36.72
10/04/09	-1.61	-1.61	39.41	36.54
11/04/09	-1.66	-1.66	39.18	36.37
12/04/09	-1.71	-1.71	38.98	36.21
13/04/09	-0.75	-0.90	38.77	36.05
14/04/09	-1.80	-1.80	38.61	35.92
15/04/09	-1.85	-1.85	38.5	35.76
16/04/09	-1.86	-1.86	38.43	35.6
17/04/09	0.93	0.52	38.29	35.44
18/04/09	-1.88	-1.88	38.11	35.39
19/04/09	-1.89	-1.89	37.96	35.3
20/04/09	-1.90	-1.90	37.84	35.21
21/04/09	-1.91	-1.91	37.74	35.12
22/04/09	-1.91	-1.91	37.62	35.03
23/04/09	3.08	2.34	37.53	34.95
24/04/09	-1.93	-1.93	37.4	34.94
25/04/09	-1.94	-1.94	37.33	34.86
26/04/09	-1.95	-1.95	37.22	34.78
27/04/09	-1.96	-1.96	37.13	34.7
28/04/09	-0.97	-1.12	37.04	34.62
29/04/09	6.62	5.34	36.97	34.56
30/04/09	12.21	10.09	36.92	34.62
01/05/09	4.80	3.78	36.82	34.77
02/05/09	-2.01	-2.01	36.7	34.8
03/05/09	-2.02	-2.02	36.57	34.72
04/05/09	3.38	2.56	36.52	34.64
05/05/09	-1.93	-1.95	36.42	34.65
06/05/09	9.36	7.63	36.54	34.57
07/05/09	-2.05	-2.05	36.46	34.68
08/05/09	-1.26	-1.38	36.3	34.6
09/05/09	-2.07	-2.07	36.19	34.53
10/05/09	-2.08	-2.08	36.1	34.45
11/05/09	15.91	13.15	36.02	34.38
12/05/09	2.90	2.13	36.08	34.6
13/05/09	0.89	0.43	35.94	34.6
14/05/09	2.88	2.11	35.9	34.57
15/05/09	-2.12	-2.12	35.9	34.78
16/05/09	-0.13	-0.44	35.75	34.64
17/05/09	-2.14	-2.14	35.68	34.57
18/05/09	38.85	33.85	35.61	34.42
19/05/09	-2.16	-2.16	36.11	35.77
20/05/09	-2.17	-2.17	35.72	35.57
21/05/09	9.82	7.94	35.61	35.38
22/05/09	-0.19	-0.51	35.64	35.6
23/05/09	-2.20	-2.20	35.46	35.47
24/05/09	-2.21	-2.21	35.37	35.29
25/05/09	-2.22	-2.22	35.3	35.11
26/05/09	-2.23	-2.23	35.24	34.95
27/05/09	1.76	1.12	35.16	34.79
28/05/09	11.75	9.52	35.09	34.78
29/05/09	11.74	9.51	35.34	35.13
30/05/09	27.73	22.95	37.11	35.43
31/05/09	-2.28	-2.28	37.41	36.23
01/06/09	9.71	7.79	36.31	35.98
02/06/09	-1.30	-1.46	36.12	36.15
03/06/09	-2.31	-2.31	35.87	35.95
04/06/09	-2.32	-2.32	35.65	35.73
05/06/09	-2.33	-2.33	35.51	35.52
06/06/09	1.66	1.01	35.43	35.33
07/06/09	-2.35	-2.35	35.3	35.28
08/06/09	-2.36	-2.36	35.19	35.1
09/06/09	-2.37	-2.37	35.09	34.94
10/06/09	2.62	1.80	35.02	34.78
11/06/09	1.61	0.95	34.94	34.8
12/06/09	-1.40	-1.57	34.86	34.79
13/06/09	-2.41	-2.41	34.78	34.67
14/06/09	-2.42	-2.42	34.7	34.51
15/06/09	-2.43	-2.43	34.69	34.35
16/06/09	6.55	5.07	34.65	34.21
17/06/09	-2.46	-2.46	34.59	34.28
18/06/09	-2.48	-2.48	34.54	34.2
19/06/09	21.51	17.53	34.55	34.12
20/06/09	21.50	17.50	35.89	34.81
21/06/09	-1.52	-1.69	35.16	35.46
22/06/09	46.47	41.47	35.72	35.29
23/06/09	82.45	77.45	42.18	36.79
24/06/09	61.44	56.44	44.68	39.38
25/06/09	1.42	0.75	40.72	40.95
26/06/09	15.41	12.38	38.82	40.51
27/06/09	-0.61	-0.95	38.13	40.51
28/06/09	38.38	33.38	39.87	40.05
29/06/09	15.36	12.31	41.3	40.82
30/06/09	-2.65	-2.65	39.22	40.81
01/07/09	-1.67	-1.84	38.38	40.3
02/07/09	14.32	11.43	37.94	39.86
03/07/09	14.30	11.42	37.72	39.92
04/07/09	-1.71	-1.88	37.89	39.97
05/07/09	-1.73	-1.89	37.48	39.57
06/07/09	11.26	8.90	38.16	39.2
07/07/09	1.25	0.57	38.18	39.23
08/07/09	1.23	0.56	37.56	38.97
09/07/09	-2.78	-2.78	37.16	38.74
10/07/09	6.20	4.70	36.99	38.39
11/07/09	-2.81	-2.81	36.77	38.35
12/07/09	-2.83	-2.83	36.61	38.03
13/07/09	-1.84	-2.01	36.42	37.74
14/07/09	-2.86	-2.86	36.26	37.49
15/07/09	-0.87	-1.20	36.11	37.23
16/07/09	-2.87	-2.87	35.97	37.05
17/07/09	4.13	2.97	35.88	36.81
18/07/09	23.13	18.85	36.46	36.82
19/07/09	1.13	0.47	36.27	37.43
20/07/09	-2.87	-2.87	36.09	37.28
21/07/09	-2.88	-2.88	35.94	37.02
22/07/09	-2.88	-2.88	35.8	36.78
23/07/09	2.12	1.31	35.87	36.55
24/07/09	7.12	5.50	34.88	36.5
25/07/09	8.12	6.34	34.94	36.62
26/07/09	-2.88	-2.88	34.79	36.76
27/07/09	-2.88	-2.88	34.68	36.52
28/07/09	-2.88	-2.88	34.58	36.3
29/07/09	-2.88	-2.88	35.12	36.09
30/07/09	-2.38	-2.46	35.98	35.89
31/07/09	-2.88	-2.88	35.83	35.71
01/08/09	-2.88	-2.88	35.74	35.5
02/08/09	6.62	5.10	35.68	35.37
03/08/09	1.12	0.48	35.65	35.41
04/08/09	68.22	63.22	36.89	35.36
05/08/09	0.72	0.15	38.34	37.83
06/08/09	-2.78	-2.80	36.84	37.62
07/08/09	-2.88	-2.88	36.32	37.31
08/08/09	-2.88	-2.88	36.03	37.03
09/08/09	10.12	8.07	36.03	36.76
10/08/09	22.12	18.19	37	36.93
11/08/09	13.12	10.61	39.97	37.47
12/08/09	-2.88	-2.88	37.97	37.68
13/08/09	10.72	8.59	37.21	37.37
14/08/09	-1.29	-1.53	36.88	37.51
15/08/09	-2.89	-2.89	36.59	37.27
16/08/09	-2.87	-2.87	36.37	36.99
17/08/09	-2.85	-2.85	36.22	36.73
18/08/09	-2.83	-2.83	36.06	36.49
19/08/09	-2.82	-2.82	35.93	36.27
20/08/09	-2.80	-2.80	35.82	36.06
21/08/09	-2.68	-2.70	35.73	35.86
22/08/09	26.24	21.79	35.82	35.67
23/08/09	1.26	0.64	35.91	36.48
24/08/09	-2.73	-2.73	35.65	36.39
25/08/09	-2.71	-2.71	35.52	36.16
26/08/09	11.61	9.44	35.44	35.96
27/08/09	-2.67	-2.67	35.42	36.25
28/08/09	-2.66	-2.66	35.3	36.03
29/08/09	40.96	35.96	36.47	35.84
30/08/09	-2.62	-2.62	36.06	37.15
31/08/09	-2.60	-2.60	35.66	36.88
01/09/09	-2.59	-2.59	35.5	36.63
02/09/09	-2.57	-2.57	35.38	36.39
03/09/09	8.45	6.81	35.31	36.17
04/09/09	25.47	21.30	35.82	36.34
05/09/09	5.48	4.30	36.85	37.04
06/09/09	-2.50	-2.50	36.06	37.04
07/09/09	-2.48	-2.48	35.71	36.78
08/09/09	-2.46	-2.46	35.53	36.54
09/09/09	-2.44	-2.44	35.39	36.32
10/09/09	2.57	1.84	35.28	36.11
11/09/09	54.59	49.59	35.6	36.09
12/09/09	9.61	7.85	40.17	37.87
13/09/09	-0.37	-0.67	36.9	37.94
14/09/09	10.64	8.75	36.48	37.69
15/09/09	-2.34	-2.34	36.15	37.81
16/09/09	-2.30	-2.30	35.86	37.51
17/09/09	5.74	4.58	35.66	37.24
18/09/09	1.78	1.20	35.65	37.25
19/09/09	-2.18	-2.18	35.5	37.13
20/09/09	-2.14	-2.14	35.34	36.89
21/09/09	-2.10	-2.10	35.22	36.66
22/09/09	-2.06	-2.06	35.1	36.46
23/09/09	-2.02	-2.02	35.03	36.26
24/09/09	-1.98	-1.98	34.97	36.09
25/09/09	2.07	1.50	34.91	35.92
26/09/09	-1.89	-1.89	34.93	35.91
27/09/09	-1.85	-1.85	34.75	35.75
28/09/09	-1.81	-1.81	34.65	35.61
29/09/09	-1.77	-1.77	34.59	35.46
30/09/09	-1.73	-1.73	34.71	35.32
01/10/09	-1.69	-1.69	34.7	35.18
02/10/09	-0.65	-0.79	34.42	35.08
03/10/09	-1.61	-1.61	34.36	35.02
04/10/09	-1.57	-1.57	34.32	34.95
05/10/09	-1.53	-1.53	34.22	34.88
06/10/09	-1.49	-1.49	34.19	34.82
07/10/09	-1.45	-1.45	34.14	34.75
08/10/09	4.59	3.76	34.09	34.69
09/10/09	0.63	0.36	34.09	34.73
10/10/09	7.67	6.44	34.04	34.71
11/10/09	1.71	1.30	34.06	34.8
12/10/09	16.75	14.30	34.39	34.79
13/10/09	4.79	3.98	34.51	35.35
14/10/09	2.83	2.29	34.32	35.46
15/10/09	-1.13	-1.13	34.2	35.48
16/10/09	3.88	3.21	34.12	35.37
17/10/09	21.89	18.79	34.83	35.43
18/10/09	10.90	9.29	35.36	36.12
19/10/09	-1.09	-1.09	35.08	36.36
20/10/09	-1.08	-1.08	34.72	36.18
21/10/09	-1.07	-1.07	34.46	36.02
22/10/09	-0.06	-0.20	34.33	35.87
23/10/09	-1.06	-1.06	34.17	35.76
24/10/09	1.95	1.56	34.1	35.63
25/10/09	-1.04	-1.04	33.99	35.61
26/10/09	-1.03	-1.03	33.94	35.49
27/10/09	-0.02	-0.15	33.87	35.38
28/10/09	-1.01	-1.01	33.83	35.3
29/10/09	1.00	0.74	33.81	35.2
30/10/09	-0.99	-0.99	33.74	35.18
31/10/09	-0.98	-0.98	33.72	35.08
01/11/09	-0.98	-0.98	34.05	34.99
02/11/09	8.03	6.87	33.82	34.9
03/11/09	13.04	11.23	34.4	35.14
04/11/09	4.05	3.41	34.41	35.55
05/11/09	-0.94	-0.94	34.21	35.61
06/11/09	2.07	1.68	34.03	35.48
07/11/09	-0.92	-0.92	33.97	35.47
08/11/09	1.09	0.83	33.89	35.35
09/11/09	-0.90	-0.90	33.89	35.32
10/11/09	1.11	0.85	33.98	35.21
11/11/09	3.11	2.61	33.77	35.19
12/11/09	-0.88	-0.88	33.66	35.23
13/11/09	0.13	0.01	33.61	35.13
14/11/09	-0.86	-0.86	33.58	35.08
15/11/09	0.15	0.02	33.55	34.99
16/11/09	-0.82	-0.82	33.52	34.94
17/11/09	-0.79	-0.79	33.48	34.86
18/11/09	1.23	0.99	33.56	34.78
19/11/09	-0.74	-0.74	33.6	34.77
20/11/09	-0.71	-0.71	33.46	34.7
21/11/09	-0.68	-0.68	33.51	34.62
22/11/09	-0.65	-0.65	33.34	34.55
23/11/09	2.38	2.01	33.33	34.48
24/11/09	4.40	3.79	33.38	34.53
25/11/09	-0.57	-0.57	33.61	34.66
26/11/09	-0.54	-0.54	33.44	34.6
27/11/09	-0.51	-0.51	33.56	34.53
28/11/09	1.52	1.28	33.45	34.47
29/11/09	-0.45	-0.45	33.5	34.49
30/11/09	-0.43	-0.43	33.5	34.43
01/12/09	6.60	5.76	33.46	34.37
02/12/09	-0.37	-0.37	33.45	34.59
03/12/09	-0.34	-0.34	33.41	34.53
04/12/09	-0.31	-0.31	33.15	34.48
05/12/09	0.72	0.60	33.04	34.42
06/12/09	-0.26	-0.26	33.01	34.41
07/12/09	-0.23	-0.23	32.97	34.36
08/12/09	15.80	13.92	33.04	34.31
09/12/09	2.83	2.48	33.36	34.88
10/12/09	1.86	1.62	33.21	34.92
11/12/09	26.89	23.73	34.03	34.93
12/12/09	-0.09	-0.09	34.25	35.83
13/12/09	-0.06	-0.06	33.8	35.7
14/12/09	-0.03	-0.03	33.65	35.59
15/12/09	0.00	0.00	33.41	35.48
16/12/09	0.00	0.00	33.29	35.39
17/12/09	0.00	0.00	33.19	35.3
18/12/09	0.00	0.00	33.13	35.22
19/12/09	0.00	0.00	33.08	35.15
20/12/09	0.00	0.00	32.97	35.08
21/12/09	0.00	0.00	32.92	35.01
22/12/09	9.20	9.20	32.93	34.95
23/12/09	2.80	1.43	33.03	35.28
24/12/09	0.00	0.00	33.08	35.26
25/12/09	8.00	7.10	33.52	35.18
26/12/09	0.00	0.00	33.51	35.4
27/12/09	0.00	0.00	33.3	35.31
28/12/09	2.00	1.78	33.22	35.23
29/12/09	0.00	0.00	33.15	35.23
30/12/09	2.00	1.78	33.1	35.15
31/12/09	1.00	0.89	33.07	35.16
01/01/10	2.00	1.78	nan	35.13
02/01/10	0.00	0.00	nan	35.13
03/01/10	0.00	0.00	nan	35.06
04/01/10	0.00	0.00	nan	35
05/01/10	0.00	0.00	nan	34.94
06/01/10	0.00	0.00	nan	34.89
07/01/10	0.00	0.00	nan	34.84
08/01/10	0.00	0.00	nan	34.79
09/01/10	0.00	0.00	nan	34.74
10/01/10	0.00	0.00	nan	34.7
11/01/10	0.00	0.00	nan	34.65
12/01/10	0.00	0.00	nan	34.61
13/01/10	0.00	0.00	nan	34.57
14/01/10	0.00	0.00	nan	34.53
15/01/10	0.00	0.00	nan	34.49
16/01/10	0.00	0.00	nan	34.45
17/01/10	0.00	0.00	nan	34.41
18/01/10	8.60	8.02	nan	34.37
19/01/10	0.00	0.00	nan	34.68
20/01/10	0.00	0.00	nan	34.63
21/01/10	0.00	0.00	nan	34.59
22/01/10	0.00	0.00	nan	34.55
23/01/10	0.00	0.00	nan	34.51
24/01/10	0.00	0.00	nan	34.47
25/01/10	0.00	0.00	nan	34.43
26/01/10	0.00	0.00	nan	34.39
27/01/10	0.00	0.00	nan	34.35
28/01/10	0.00	0.00	nan	34.31
29/01/10	0.00	0.00	nan	34.27
30/01/10	0.00	0.00	nan	34.23
31/01/10	0.00	0.00	nan	34.19
01/02/10	0.00	0.00	nan	34.15
02/02/10	0.00	0.00	nan	34.11
03/02/10	0.00	0.00	nan	34.07
04/02/10	0.00	0.00	nan	34.03
05/02/10	0.00	0.00	nan	33.99
06/02/10	0.00	0.00	nan	33.95
07/02/10	0.00	0.00	nan	33.91
08/02/10	0.00	0.00	nan	33.88
09/02/10	0.00	0.00	nan	33.86
10/02/10	0.00	0.00	nan	33.83
11/02/10	0.00	0.00	nan	33.81
12/02/10	0.00	0.00	nan	33.78
13/02/10	0.00	0.00	nan	33.76
14/02/10	0.00	0.00	nan	33.73
15/02/10	0.00	0.00	nan	33.71
16/02/10	-0.02	-0.02	nan	33.69
17/02/10	-0.04	-0.04	nan	33.66
18/02/10	-0.06	-0.06	nan	33.64
19/02/10	5.52	5.27	nan	33.61
20/02/10	3.10	2.85	nan	33.7
21/02/10	0.69	0.69	nan	33.73
22/02/10	9.07	9.07	nan	33.72
23/02/10	12.65	12.65	nan	34.17
24/02/10	9.43	9.43	nan	34.67
25/02/10	11.81	11.81	nan	34.99
26/02/10	28.99	27.44	nan	35.37
27/02/10	12.97	12.97	nan	36.33
28/02/10	27.75	24.91	nan	36.64
01/03/10	11.53	-0.27	nan	37.38
02/03/10	9.71	8.41	nan	37.13
03/03/10	-0.30	-0.30	nan	37.22
04/03/10	-0.32	-0.32	nan	36.99
05/03/10	-0.34	-0.34	nan	36.78
06/03/10	-0.36	-0.36	nan	36.58
07/03/10	-0.38	-0.38	nan	36.4
08/03/10	-0.40	-0.40	nan	36.23
09/03/10	-0.42	-0.42	nan	36.08
10/03/10	-0.44	-0.44	nan	35.94
11/03/10	-0.46	-0.46	nan	35.8
12/03/10	-0.48	-0.48	nan	35.68
13/03/10	3.31	2.90	nan	35.56
14/03/10	5.69	5.55	nan	35.59
15/03/10	12.27	10.65	nan	35.72
16/03/10	25.44	23.01	nan	36.04
17/03/10	12.21	8.91	nan	36.8
18/03/10	-0.21	-0.61	nan	36.96
19/03/10	-0.64	-0.64	nan	36.75
20/03/10	-0.67	-0.67	nan	36.56
21/03/10	3.31	2.76	nan	36.38
22/03/10	1.28	1.01	nan	36.35
23/03/10	-0.75	-0.75	nan	36.25
24/03/10	-0.77	-0.77	nan	36.1
25/03/10	-0.80	-0.80	nan	35.95
26/03/10	2.17	1.76	nan	35.81
27/03/10	3.14	2.59	nan	35.79
28/03/10	5.12	4.29	nan	35.79
29/03/10	0.09	-0.05	nan	35.87
30/03/10	-0.94	-0.94	nan	35.77
31/03/10	8.04	6.78	nan	35.63
01/04/10	6.01	5.03	nan	35.82
02/04/10	2.98	2.42	nan	35.92
03/04/10	-1.04	-1.04	nan	35.91
04/04/10	2.93	2.37	nan	35.76
05/04/10	10.90	9.21	nan	35.76
06/04/10	-1.12	-1.12	nan	36.03
07/04/10	-1.15	-1.15	nan	35.87
08/04/10	-1.18	-1.18	nan	35.72
09/04/10	-1.20	-1.20	nan	35.58
10/04/10	7.77	6.48	nan	35.45
11/04/10	8.74	7.31	nan	35.64
12/04/10	0.72	0.43	nan	35.84
13/04/10	0.69	0.40	nan	35.75
14/04/10	21.66	18.34	nan	35.67
15/04/10	1.63	1.20	nan	36.3
16/04/10	-1.38	-1.38	nan	36.21
17/04/10	-1.40	-1.40	nan	36.03
18/04/10	-1.42	-1.42	nan	35.86
19/04/10	-1.44	-1.44	nan	35.7
20/04/10	-0.46	-0.61	nan	35.55
21/04/10	-1.48	-1.48	nan	35.44
22/04/10	-1.50	-1.50	nan	35.31
23/04/10	-1.52	-1.52	nan	35.18
24/04/10	-1.54	-1.54	nan	35.06
25/04/10	-1.56	-1.56	nan	34.93
26/04/10	-1.58	-1.58	nan	34.81
27/04/10	-1.60	-1.60	nan	34.69
28/04/10	-1.62	-1.62	nan	34.57
29/04/10	-1.64	-1.64	nan	34.49
30/04/10	-1.66	-1.66	nan	34.42
01/05/10	9.33	7.68	nan	34.36
02/05/10	-1.69	-1.69	nan	34.49
03/05/10	1.29	0.83	nan	34.42
04/05/10	-0.73	-0.88	nan	34.41
05/05/10	-1.75	-1.75	nan	34.37
06/05/10	0.23	-0.07	nan	34.3
07/05/10	-0.79	-0.94	nan	34.28
08/05/10	4.19	3.28	nan	34.23
09/05/10	-0.83	-0.98	nan	34.27
10/05/10	1.15	0.69	nan	34.23
11/05/10	-1.87	-1.87	nan	34.22
12/05/10	6.11	4.88	nan	34.15
13/05/10	11.09	9.09	nan	34.23
14/05/10	3.07	2.30	nan	34.38
15/05/10	7.05	5.66	nan	34.63
16/05/10	5.03	3.95	nan	34.83
17/05/10	-1.99	-1.99	nan	34.94
18/05/10	1.98	1.36	nan	34.8
19/05/10	3.96	3.02	nan	34.8
20/05/10	8.94	7.22	nan	34.88
21/05/10	-0.09	-0.40	nan	35.12
22/05/10	5.89	4.63	nan	35.02
23/05/10	-1.14	-1.29	nan	35.14
24/05/10	-2.16	-2.16	nan	35.01
25/05/10	-2.18	-2.18	nan	34.85
26/05/10	1.79	1.16	nan	34.71
27/05/10	-0.23	-0.55	nan	34.71
28/05/10	-1.26	-1.41	nan	34.64
29/05/10	4.72	3.61	nan	34.53
30/05/10	5.70	4.42	nan	34.64
31/05/10	8.67	6.92	nan	34.79
01/06/10	7.65	6.05	nan	35.02
02/06/10	71.63	66.63	37.53	35.19
03/06/10	12.60	10.19	39.81	37.65
04/06/10	24.58	20.23	38.69	37.77
05/06/10	-2.45	-2.45	36.9	38.25
06/06/10	-2.47	-2.47	36.16	37.88
07/06/10	-2.49	-2.49	35.75	37.54
08/06/10	-2.52	-2.52	35.43	37.22
09/06/10	-2.54	-2.54	35.57	36.92
10/06/10	-2.57	-2.57	nan	36.65
11/06/10	-2.59	-2.59	nan	36.4
12/06/10	3.39	2.41	nan	36.16
13/06/10	26.36	21.61	nan	36.13
14/06/10	-2.66	-2.66	nan	36.85
15/06/10	12.32	9.85	nan	36.58
16/06/10	13.30	10.66	nan	36.81
17/06/10	-2.71	-2.71	nan	37.05
18/06/10	1.27	0.61	nan	36.77
19/06/10	16.26	13.11	nan	36.63
20/06/10	23.25	18.92	35.9	36.98
21/06/10	15.23	12.23	37.63	37.52
22/06/10	-2.78	-2.78	37.04	37.77
23/06/10	-2.79	-2.79	36.46	37.44
24/06/10	-2.81	-2.81	36	37.14
25/06/10	1.18	0.51	35.73	36.86
26/06/10	-2.83	-2.83	35.49	36.73
27/06/10	-2.85	-2.85	35.15	36.48
28/06/10	-2.86	-2.86	35.08	36.24
29/06/10	-2.88	-2.88	35.78	36.02
30/06/10	-2.89	-2.89	35.29	35.81
01/07/10	-2.90	-2.90	34.88	35.61
02/07/10	-2.92	-2.92	34.86	35.42
03/07/10	-2.93	-2.93	34.77	35.23
04/07/10	3.06	2.04	34.54	35.03
05/07/10	30.04	25.04	35.22	35.07
06/07/10	17.03	13.66	35.2	36.06
07/07/10	-2.98	-2.98	35.01	36.48
08/07/10	-3.00	-3.00	34.87	36.23
09/07/10	-3.01	-3.01	35.49	36
10/07/10	-3.03	-3.03	nan	35.77
11/07/10	-3.04	-3.04	nan	35.56
12/07/10	-3.05	-3.05	nan	35.37
13/07/10	-3.07	-3.07	nan	35.17
14/07/10	-3.08	-3.08	nan	34.98
15/07/10	-0.09	-0.59	nan	34.8
16/07/10	-3.08	-3.08	nan	34.75
17/07/10	8.93	6.95	nan	34.65
18/07/10	0.94	0.28	nan	34.75
19/07/10	-3.04	-3.04	nan	34.72
20/07/10	-3.03	-3.03	nan	34.63
21/07/10	-3.02	-3.02	nan	34.54
22/07/10	-3.01	-3.01	nan	34.45
23/07/10	15.00	12.07	nan	34.36
24/07/10	17.02	13.76	nan	34.57
25/07/10	-2.97	-2.97	nan	35.12
26/07/10	0.04	-0.45	nan	34.94
27/07/10	-2.95	-2.95	nan	34.87
28/07/10	-1.94	-2.10	nan	34.69
29/07/10	19.08	15.53	33.89	34.55
30/07/10	24.09	19.75	35.05	35.18
31/07/10	-2.90	-2.90	34.75	35.9
01/08/10	-2.89	-2.89	34.19	35.67
02/08/10	22.12	18.13	34.04	35.45
03/08/10	11.14	8.91	35.14	36.09
04/08/10	-1.85	-2.01	34.88	36.3
05/08/10	-0.84	-1.16	nan	36.08
06/08/10	0.17	-0.30	nan	35.91
07/08/10	35.18	30.18	34.51	35.78
08/08/10	-2.80	-2.80	36.69	36.85
09/08/10	-0.79	-1.11	35.39	36.56
10/08/10	-2.78	-2.78	34.83	36.36
11/08/10	-2.77	-2.77	34.54	36.12
12/08/10	0.25	-0.22	34.43	35.89
13/08/10	6.26	4.85	34.95	35.77
14/08/10	-2.73	-2.73	nan	35.87
15/08/10	-2.72	-2.72	nan	35.65
16/08/10	6.31	4.91	nan	35.46
17/08/10	-1.67	-1.82	nan	35.58
18/08/10	-2.65	-2.65	nan	35.42
19/08/10	-2.62	-2.62	nan	35.24
20/08/10	-2.60	-2.60	nan	35.07
21/08/10	-2.57	-2.57	nan	34.9
22/08/10	-2.55	-2.55	nan	34.74
23/08/10	4.48	3.41	nan	34.57
24/08/10	36.50	31.50	nan	34.6
25/08/10	-2.47	-2.47	nan	35.94
26/08/10	-2.45	-2.45	nan	35.73
27/08/10	3.57	2.66	nan	35.53
28/08/10	13.60	11.18	nan	35.55
29/08/10	-2.38	-2.38	nan	35.9
30/08/10	12.65	10.39	nan	35.7
31/08/10	13.67	11.27	nan	36.01
01/09/10	-1.30	-1.45	nan	36.33
02/09/10	-1.28	-1.43	nan	36.13
03/09/10	-2.26	-2.26	nan	35.95
04/09/10	-0.23	-0.53	nan	35.74
05/09/10	-2.21	-2.21	nan	35.62
06/09/10	-2.18	-2.18	nan	35.45
07/09/10	-2.16	-2.16	nan	35.28
08/09/10	-2.13	-2.13	nan	35.12
09/09/10	0.89	0.45	nan	34.98
10/09/10	-2.09	-2.09	nan	34.94
11/09/10	-2.06	-2.06	nan	34.8
12/09/10	-2.04	-2.04	nan	34.66
13/09/10	-2.01	-2.01	nan	34.52
14/09/10	3.01	2.28	nan	34.43
15/09/10	-1.96	-1.96	nan	34.45
16/09/10	1.07	0.63	nan	34.38
17/09/10	2.10	1.52	nan	34.37
18/09/10	5.13	4.12	nan	34.37
19/09/10	-1.83	-1.83	nan	34.43
20/09/10	-1.80	-1.80	nan	34.36
21/09/10	-1.77	-1.77	nan	34.3
22/09/10	-1.74	-1.74	nan	34.24
23/09/10	-1.70	-1.70	nan	34.18
24/09/10	-1.67	-1.67	nan	34.12
25/09/10	6.36	5.22	nan	34.06
26/09/10	12.39	10.41	nan	34.14
27/09/10	-1.58	-1.58	nan	34.33
28/09/10	0.46	0.18	nan	34.27
29/09/10	3.49	2.79	nan	34.25
30/09/10	-1.48	-1.48	nan	34.28
01/10/10	-1.45	-1.45	nan	34.22
02/10/10	-0.41	-0.55	nan	34.17
03/10/10	-1.38	-1.38	nan	34.13
04/10/10	-1.35	-1.35	nan	34.08
05/10/10	10.68	9.02	nan	34.03
06/10/10	2.72	2.16	nan	34.19
07/10/10	-1.25	-1.25	nan	34.2
08/10/10	-1.22	-1.22	nan	34.15
09/10/10	-1.19	-1.19	nan	34.11
10/10/10	-1.15	-1.15	nan	34.06
11/10/10	-1.12	-1.12	nan	34.01
12/10/10	-1.09	-1.09	nan	33.96
13/10/10	-1.06	-1.06	nan	33.92
14/10/10	-1.03	-1.03	nan	33.87
15/10/10	-0.99	-0.99	nan	33.82
16/10/10	-0.99	-0.99	nan	33.78
17/10/10	9.02	7.67	nan	33.73
18/10/10	-0.97	-0.97	nan	33.87
19/10/10	-0.97	-0.97	nan	33.82
20/10/10	11.04	9.43	nan	33.78
21/10/10	5.05	4.24	nan	33.95
22/10/10	-0.95	-0.95	nan	34.22
23/10/10	-0.94	-0.94	nan	34.14
24/10/10	0.07	-0.07	nan	34.06
25/10/10	23.07	19.90	nan	34.02
26/10/10	0.08	-0.05	nan	34.83
27/10/10	-0.92	-0.92	nan	34.76
28/10/10	-0.91	-0.91	nan	34.65
29/10/10	-0.90	-0.90	nan	34.55
30/10/10	-0.90	-0.90	nan	34.46
31/10/10	-0.89	-0.89	nan	34.38
01/11/10	-0.88	-0.88	nan	34.3
02/11/10	-0.88	-0.88	nan	34.22
03/11/10	-0.87	-0.87	nan	34.14
04/11/10	-0.86	-0.86	nan	34.06
05/11/10	-0.86	-0.86	nan	33.98
06/11/10	-0.85	-0.85	nan	33.9
07/11/10	-0.84	-0.84	nan	33.82
08/11/10	1.16	0.91	nan	33.74
09/11/10	-0.83	-0.83	nan	33.74
10/11/10	-0.82	-0.82	nan	33.69
11/11/10	0.18	0.06	nan	33.65
12/11/10	16.19	14.04	nan	33.63
13/11/10	-0.80	-0.80	nan	34.18
14/11/10	-0.80	-0.80	nan	34.1
15/11/10	-0.79	-0.79	nan	34.03
16/11/10	0.23	0.11	nan	33.95
17/11/10	0.26	0.14	nan	33.92
18/11/10	-0.71	-0.71	nan	33.88
19/11/10	3.31	2.82	nan	33.81
20/11/10	-0.66	-0.66	nan	33.9
21/11/10	-0.63	-0.63	nan	33.83
22/11/10	-0.61	-0.61	nan	33.76
23/11/10	1.42	1.17	nan	33.7
24/11/10	-0.55	-0.55	nan	33.71
25/11/10	-0.53	-0.53	nan	33.65
26/11/10	-0.50	-0.50	nan	33.59
27/11/10	-0.47	-0.47	nan	33.52
28/11/10	-0.45	-0.45	nan	33.48
29/11/10	-0.42	-0.42	nan	33.45
30/11/10	-0.40	-0.40	nan	33.41
01/12/10	-0.37	-0.37	nan	33.38
02/12/10	-0.34	-0.34	nan	33.35
03/12/10	-0.32	-0.32	nan	33.32
04/12/10	-0.29	-0.29	nan	33.29
05/12/10	-0.26	-0.26	nan	33.26
06/12/10	-0.24	-0.24	nan	33.23
07/12/10	-0.21	-0.21	nan	33.2
08/12/10	5.42	5.42	nan	33.17
09/12/10	-0.16	-0.16	nan	33.27
10/12/10	-0.13	-0.13	nan	33.24
11/12/10	16.69	15.06	nan	33.21
12/12/10	13.92	12.52	nan	33.79
13/12/10	-0.05	-0.05	nan	34.28
14/12/10	-0.03	-0.03	nan	34.21
15/12/10	0.00	0.00	nan	34.15
16/12/10	0.00	0.00	nan	34.09
17/12/10	0.00	0.00	nan	34.04
18/12/10	0.00	0.00	nan	33.99
19/12/10	0.00	0.00	nan	33.94
20/12/10	0.00	0.00	nan	33.89
21/12/10	0.00	0.00	nan	33.85
22/12/10	0.00	0.00	nan	33.81
23/12/10	0.00	0.00	nan	33.77
24/12/10	9.20	9.20	nan	33.73
25/12/10	0.00	0.00	nan	34.09
26/12/10	0.00	0.00	nan	34.03
27/12/10	0.00	0.00	nan	33.98
28/12/10	0.00	0.00	nan	33.93
29/12/10	0.00	0.00	nan	33.88
30/12/10	0.00	0.00	nan	33.84
31/12/10	0.00	0.00	nan	33.8
01/01/11	0.00	0.00	nan	33.75
02/01/11	0.00	0.00	nan	33.71
03/01/11	0.00	0.00	nan	33.67
04/01/11	0.00	0.00	nan	33.63
05/01/11	0.00	0.00	nan	33.59
06/01/11	0.00	0.00	nan	33.55
07/01/11	8.00	8.00	nan	33.51
08/01/11	4.00	4.00	nan	33.83
09/01/11	0.00	0.00	nan	33.96
10/01/11	0.00	0.00	nan	33.9
11/01/11	0.00	0.00	nan	33.85
12/01/11	9.80	9.23	nan	33.81
13/01/11	54.00	50.81	33.6	34.16
14/01/11	23.60	13.56	36.79	36.11
15/01/11	2.00	1.77	35.12	36.43
16/01/11	0.00	0.00	34.22	36.29
17/01/11	0.00	0.00	33.76	36.1
18/01/11	0.00	0.00	33.55	35.92
19/01/11	21.00	18.57	33.58	35.76
20/01/11	0.00	0.00	33.65	36.33
21/01/11	0.00	0.00	33.48	36.14
22/01/11	0.00	0.00	33.36	35.98
23/01/11	0.00	0.00	33.33	35.82
24/01/11	0.00	0.00	33.33	35.68
25/01/11	0.00	0.00	33.26	35.56
26/01/11	0.00	0.00	33.07	35.44
27/01/11	0.00	0.00	32.91	35.33
28/01/11	0.00	0.00	32.82	35.23
29/01/11	0.00	0.00	32.82	35.13
30/01/11	0.00	0.00	32.8	35.05
31/01/11	0.00	0.00	32.72	34.97
01/02/11	0.00	0.00	32.73	34.89
02/02/11	0.00	0.00	32.78	34.82
03/02/11	0.00	0.00	32.59	34.76
04/02/11	6.00	6.00	32.59	34.7
05/02/11	21.00	17.82	32.86	34.89
06/02/11	0.00	0.00	33.29	35.53
07/02/11	0.00	0.00	33.56	35.42
08/02/11	2.00	1.75	33.29	35.31
09/02/11	0.00	0.00	33.33	35.28
10/02/11	0.00	0.00	33.19	35.18
11/02/11	10.00	8.76	33.22	35.09
12/02/11	19.00	16.65	34.75	35.36
13/02/11	0.00	0.00	34.4	35.91
14/02/11	0.00	0.00	33.96	35.77
15/02/11	0.00	0.00	33.74	35.64
16/02/11	-0.02	-0.02	33.77	35.52
17/02/11	-0.04	-0.04	33.69	35.41
18/02/11	-0.07	-0.07	33.59	35.31
19/02/11	-0.09	-0.09	33.25	35.21
20/02/11	-0.11	-0.11	33.17	35.12
21/02/11	-0.13	-0.13	33.15	35.04
22/02/11	-0.16	-0.16	32.87	34.96
23/02/11	-0.18	-0.18	32.87	34.88
24/02/11	-0.20	-0.20	32.85	34.81
25/02/11	-0.22	-0.22	32.82	34.74
26/02/11	-0.24	-0.24	32.8	34.68
27/02/11	-0.27	-0.27	32.79	34.61
28/02/11	-0.29	-0.29	32.78	34.55
01/03/11	-0.31	-0.31	32.75	34.49
02/03/11	-0.33	-0.33	32.73	34.43
03/03/11	-0.36	-0.36	32.69	34.36
04/03/11	-0.38	-0.38	32.69	34.3
05/03/11	-0.40	-0.40	32.69	34.24
06/03/11	-0.42	-0.42	32.63	34.18
07/03/11	-0.44	-0.44	32.55	34.12
08/03/11	-0.47	-0.47	32.47	34.06
09/03/11	3.51	3.00	32.45	34
10/03/11	2.49	2.09	32.42	34.1
11/03/11	-0.53	-0.53	32.41	34.15
12/03/11	-0.56	-0.56	32.4	34.09
13/03/11	-0.58	-0.58	32.38	34.02
14/03/11	-0.60	-0.60	32.43	33.96
15/03/11	-0.62	-0.62	32.41	33.89
16/03/11	-0.66	-0.66	32.41	33.84
17/03/11	1.31	1.04	32.4	33.8
18/03/11	49.27	44.27	34.03	33.8
19/03/11	10.23	8.74	34.78	35.58
20/03/11	-0.80	-0.80	33.84	35.79
21/03/11	-0.84	-0.84	33.43	35.62
22/03/11	-0.87	-0.87	33.23	35.45
23/03/11	-0.91	-0.91	33	35.3
24/03/11	-0.95	-0.95	32.94	35.16
25/03/11	-0.98	-0.98	32.88	35.03
26/03/11	5.98	5.02	32.85	34.9
27/03/11	8.95	7.56	32.89	35.03
28/03/11	-1.09	-1.09	32.96	35.25
29/03/11	-1.12	-1.12	32.81	35.1
30/03/11	-1.16	-1.16	32.79	34.97
31/03/11	-0.20	-0.34	32.75	34.84
01/04/11	4.77	3.93	32.82	34.76
02/04/11	-1.27	-1.27	32.75	34.86
03/04/11	-1.30	-1.30	32.7	34.73
04/04/11	2.66	2.10	32.62	34.61
05/04/11	-0.38	-0.52	32.62	34.65
06/04/11	-0.41	-0.55	32.6	34.57
07/04/11	-0.45	-0.59	32.59	34.49
08/04/11	0.52	0.23	32.53	34.42
09/04/11	-1.52	-1.52	32.5	34.38
10/04/11	-1.55	-1.55	32.5	34.27
11/04/11	-1.59	-1.59	32.5	34.15
12/04/11	5.37	4.37	32.49	34.04
13/04/11	8.34	6.90	33.01	34.2
14/04/11	7.30	6.00	32.92	34.45
15/04/11	3.27	2.54	32.77	34.65
16/04/11	-1.74	-1.74	32.64	34.69
17/04/11	-1.76	-1.76	32.56	34.55
18/04/11	-1.77	-1.77	32.56	34.42
19/04/11	-1.78	-1.78	32.56	34.3
20/04/11	-1.79	-1.79	32.56	34.17
21/04/11	-1.80	-1.80	32.42	34.05
22/04/11	-1.81	-1.81	32.29	33.93
23/04/11	-1.82	-1.82	32.23	33.8
24/04/11	-1.83	-1.83	32.15	33.73
25/04/11	6.16	4.98	32.14	33.66
26/04/11	-1.85	-1.85	32.4	33.74
27/04/11	0.14	-0.16	32.22	33.68
28/04/11	-1.87	-1.87	nan	33.65
29/04/11	-1.88	-1.88	nan	33.59
30/04/11	0.11	-0.19	nan	33.53
01/05/11	2.10	1.50	nan	33.5
02/05/11	-1.91	-1.91	nan	33.5
03/05/11	2.08	1.47	nan	33.44
04/05/11	-1.93	-1.93	nan	33.45
05/05/11	-1.94	-1.94	nan	33.38
06/05/11	-1.96	-1.96	nan	33.32
07/05/11	-1.97	-1.97	nan	33.25
08/05/11	-1.98	-1.98	nan	33.19
09/05/11	-1.99	-1.99	nan	33.12
10/05/11	-2.00	-2.00	nan	33.06
11/05/11	-2.01	-2.01	nan	32.99
12/05/11	12.98	10.68	nan	32.92
13/05/11	-2.03	-2.03	nan	33.13
14/05/11	2.96	2.19	nan	33.06
15/05/11	29.95	25.01	nan	33.08
16/05/11	-1.07	-1.23	nan	33.89
17/05/11	-2.09	-2.09	nan	33.79
18/05/11	-2.11	-2.11	nan	33.66
19/05/11	-2.13	-2.13	nan	33.53
20/05/11	-2.16	-2.16	nan	33.39
21/05/11	-2.18	-2.18	nan	33.26
22/05/11	-1.20	-1.36	nan	33.19
23/05/11	-2.22	-2.22	nan	33.14
24/05/11	-2.24	-2.24	nan	33.07
25/05/11	-1.26	-1.42	nan	33
26/05/11	-2.28	-2.28	nan	32.94
27/05/11	31.70	26.70	nan	32.87
28/05/11	14.67	11.98	nan	33.72
29/05/11	-2.35	-2.35	nan	34.18
30/05/11	-2.37	-2.37	nan	34.01
31/05/11	-2.39	-2.39	nan	33.85
01/06/11	-0.41	-0.73	nan	33.7
02/06/11	3.57	2.61	nan	33.63
03/06/11	5.55	4.26	nan	33.7
04/06/11	-2.47	-2.47	nan	33.84
05/06/11	-2.49	-2.49	nan	33.69
06/06/11	-2.52	-2.52	nan	33.54
07/06/11	-2.54	-2.54	nan	33.38
08/06/11	14.44	11.68	nan	33.23
09/06/11	1.42	0.77	nan	33.72
10/06/11	-2.60	-2.60	nan	33.7
11/06/11	-2.62	-2.62	nan	33.55
12/06/11	1.36	0.70	nan	33.39
13/06/11	-2.66	-2.66	nan	33.38
14/06/11	-2.69	-2.69	nan	33.22
15/06/11	-2.71	-2.71	nan	33.05
16/06/11	-2.70	-2.70	nan	32.97
17/06/11	-1.70	-1.86	nan	32.89
18/06/11	12.31	9.82	nan	32.83
19/06/11	1.31	0.65	nan	33.02
20/06/11	-2.68	-2.68	nan	33.01
21/06/11	0.32	-0.18	nan	32.93
22/06/11	5.33	3.99	nan	32.9
23/06/11	23.33	18.98	nan	32.96
24/06/11	3.34	2.33	nan	33.8
25/06/11	-1.66	-1.82	nan	33.84
26/06/11	-0.65	-0.99	nan	33.7
27/06/11	-2.65	-2.65	nan	33.61
28/06/11	-2.64	-2.64	nan	33.44
29/06/11	-2.64	-2.64	nan	33.29
30/06/11	-2.63	-2.63	nan	33.13
01/07/11	3.37	2.35	nan	32.96
02/07/11	6.38	4.85	nan	33.04
03/07/11	4.38	3.20	nan	33.23
04/07/11	3.39	2.37	nan	33.33
05/07/11	30.39	25.39	nan	33.4
06/07/11	-2.60	-2.60	nan	34.42
07/07/11	-2.60	-2.60	nan	34.22
08/07/11	-2.59	-2.59	nan	34.03
09/07/11	-2.59	-2.59	nan	33.85
10/07/11	-2.58	-2.58	nan	33.68
11/07/11	-2.58	-2.58	nan	33.52
12/07/11	-2.57	-2.57	nan	33.36
13/07/11	-2.57	-2.57	nan	33.2
14/07/11	1.44	0.77	nan	33.04
15/07/11	1.44	0.78	nan	33.04
16/07/11	-2.57	-2.57	nan	33.05
17/07/11	-2.58	-2.58	nan	32.91
18/07/11	-1.59	-1.76	nan	32.83
19/07/11	-2.60	-2.60	nan	32.77
20/07/11	6.38	4.91	nan	32.69
21/07/11	24.37	19.96	nan	32.77
22/07/11	6.36	4.89	nan	33.54
23/07/11	2.35	1.53	nan	33.7
24/07/11	21.34	17.43	nan	33.71
25/07/11	-2.67	-2.67	nan	34.37
26/07/11	-2.69	-2.69	nan	34.17
27/07/11	-2.70	-2.70	nan	33.97
28/07/11	16.29	13.23	nan	33.79
29/07/11	-1.72	-1.88	nan	34.28
30/07/11	1.27	0.62	nan	34.12
31/07/11	0.25	-0.23	nan	34.07
01/08/11	-2.76	-2.76	nan	33.99
02/08/11	-2.77	-2.77	nan	33.81
03/08/11	0.22	-0.26	nan	33.64
04/08/11	11.21	8.98	nan	33.59
05/08/11	-2.80	-2.80	nan	33.93
06/08/11	-2.82	-2.82	nan	33.75
07/08/11	4.17	3.07	nan	33.58
08/08/11	10.16	8.11	nan	33.67
09/08/11	-2.85	-2.85	nan	33.97
10/08/11	-2.86	-2.86	nan	33.79
11/08/11	-2.88	-2.88	nan	33.61
12/08/11	-2.89	-2.89	nan	33.45
13/08/11	0.10	-0.37	nan	33.28
14/08/11	-2.91	-2.91	nan	33.22
15/08/11	9.08	7.21	nan	33.04
16/08/11	0.09	-0.37	nan	33.34
17/08/11	-2.89	-2.89	nan	33.29
18/08/11	-2.88	-2.88	nan	33.11
19/08/11	6.14	4.75	nan	32.96
20/08/11	-2.84	-2.84	nan	33.04
21/08/11	-2.83	-2.83	nan	32.95
22/08/11	-2.81	-2.81	nan	32.87
23/08/11	-2.80	-2.80	nan	32.79
24/08/11	-2.78	-2.78	nan	32.7
25/08/11	-2.77	-2.77	nan	32.62
26/08/11	-2.75	-2.75	nan	32.54
27/08/11	9.27	7.45	nan	32.45
28/08/11	-2.72	-2.72	nan	32.59
29/08/11	-2.70	-2.70	nan	32.51
30/08/11	-2.69	-2.69	nan	32.43
31/08/11	-2.67	-2.67	nan	32.35
01/09/11	-1.66	-1.81	nan	32.26
02/09/11	-2.64	-2.64	nan	32.2
03/09/11	-2.62	-2.62	nan	32.11
04/09/11	-2.61	-2.61	nan	32.03
05/09/11	6.41	5.07	nan	31.95
06/09/11	-2.58	-2.58	nan	32.04
07/09/11	-2.56	-2.56	nan	31.96
08/09/11	0.45	0.01	nan	31.88
09/09/11	9.47	7.70	nan	31.86
10/09/11	-2.51	-2.51	nan	32.02
11/09/11	-2.50	-2.50	nan	31.93
12/09/11	-2.48	-2.48	nan	31.85
13/09/11	-2.47	-2.47	nan	31.77
14/09/11	-0.45	-0.74	nan	31.69
15/09/11	-2.44	-2.44	nan	31.65
16/09/11	-2.40	-2.40	nan	31.56
17/09/11	-2.36	-2.36	nan	31.48
18/09/11	4.68	3.67	nan	31.4
19/09/11	38.72	33.72	nan	31.47
20/09/11	8.76	7.18	nan	32.61
21/09/11	-2.20	-2.20	nan	32.88
22/09/11	-2.16	-2.16	nan	32.72
23/09/11	-2.12	-2.12	nan	32.57
24/09/11	-2.08	-2.08	nan	32.43
25/09/11	-2.04	-2.04	nan	32.3
26/09/11	-2.00	-2.00	nan	32.16
27/09/11	-1.96	-1.96	nan	32.03
28/09/11	-1.92	-1.92	nan	31.9
29/09/11	-1.88	-1.88	nan	31.84
30/09/11	-1.84	-1.84	nan	31.77
01/10/11	-1.80	-1.80	nan	31.7
02/10/11	-1.76	-1.76	nan	31.64
03/10/11	-1.72	-1.72	nan	31.57
04/10/11	-1.68	-1.68	nan	31.51
05/10/11	-1.64	-1.64	nan	31.45
06/10/11	-1.50	-1.52	nan	31.38
07/10/11	36.34	31.34	nan	31.32
08/10/11	21.48	18.31	nan	32.37
09/10/11	5.62	4.64	nan	33.13
10/10/11	28.56	24.44	nan	33.24
11/10/11	0.60	0.32	nan	34.16
12/10/11	-1.37	-1.37	nan	34.04
13/10/11	-1.33	-1.33	nan	33.86
14/10/11	-1.29	-1.29	nan	33.69
15/10/11	-1.25	-1.25	nan	33.54
16/10/11	-1.21	-1.21	nan	33.4
17/10/11	-1.18	-1.18	nan	33.28
18/10/11	-1.15	-1.15	nan	33.16
19/10/11	0.89	0.62	nan	33.05
20/10/11	6.92	5.85	nan	33.02
21/10/11	-1.05	-1.05	nan	33.23
22/10/11	-1.01	-1.01	nan	33.12
23/10/11	-0.98	-0.98	nan	33.02
24/10/11	-0.95	-0.95	nan	32.93
25/10/11	-0.91	-0.91	nan	32.84
26/10/11	1.12	0.85	nan	32.76
27/10/11	-0.85	-0.85	nan	32.76
28/10/11	-0.82	-0.82	nan	32.68
29/10/11	-0.78	-0.78	nan	32.61
30/10/11	-0.75	-0.75	nan	32.53
31/10/11	-0.72	-0.72	nan	32.46
01/11/11	-0.68	-0.68	nan	32.39
02/11/11	-0.65	-0.65	nan	32.32
03/11/11	-0.62	-0.62	nan	32.24
04/11/11	-0.58	-0.58	nan	32.2
05/11/11	-0.55	-0.55	nan	32.17
06/11/11	-0.52	-0.52	nan	32.13
07/11/11	-0.48	-0.48	nan	32.1
08/11/11	-0.45	-0.45	nan	32.06
09/11/11	-0.42	-0.42	nan	32.03
10/11/11	-0.38	-0.38	nan	32
11/11/11	-0.35	-0.35	nan	31.97
12/11/11	-0.32	-0.32	nan	31.94
13/11/11	-0.28	-0.28	nan	31.91
14/11/11	-0.25	-0.25	nan	31.88
15/11/11	-0.22	-0.22	nan	31.85
16/11/11	-0.22	-0.22	nan	31.82
17/11/11	-0.22	-0.22	nan	31.8
18/11/11	-0.22	-0.22	nan	31.77
19/11/11	-0.21	-0.21	nan	31.74
20/11/11	-0.21	-0.21	nan	31.71
21/11/11	-0.21	-0.21	nan	31.69
22/11/11	-0.21	-0.21	nan	31.66
23/11/11	-0.21	-0.21	nan	31.63
24/11/11	-0.21	-0.21	nan	31.61
25/11/11	-0.21	-0.21	nan	31.58
26/11/11	-0.21	-0.21	nan	31.55
27/11/11	0.79	0.67	nan	31.52
28/11/11	0.79	0.67	nan	31.52
29/11/11	-0.20	-0.20	nan	31.51
30/11/11	-0.20	-0.20	nan	31.49
01/12/11	-0.20	-0.20	nan	31.46
02/12/11	-0.20	-0.20	nan	31.43
03/12/11	3.80	3.32	nan	31.41
04/12/11	0.80	0.68	nan	31.46
05/12/11	4.80	4.21	nan	31.46
06/12/11	8.80	7.74	nan	31.54
07/12/11	35.80	31.55	nan	31.69
08/12/11	1.80	1.57	nan	33.08
09/12/11	-0.19	-0.19	nan	33.06
10/12/11	2.81	2.45	nan	32.97
11/12/11	-0.19	-0.19	nan	33
12/12/11	-0.19	-0.19	nan	32.91
13/12/11	-0.19	-0.19	nan	32.84
14/12/11	1.81	1.58	nan	32.76
15/12/11	-0.19	-0.19	nan	32.77
16/12/11	3.82	3.36	nan	32.71
17/12/11	1.82	1.59	nan	32.8
18/12/11	-0.17	-0.17	nan	32.81
19/12/11	-0.17	-0.17	nan	32.74
20/12/11	-0.16	-0.16	nan	32.68
21/12/11	-0.15	-0.15	nan	32.62
22/12/11	-0.15	-0.15	nan	32.57
23/12/11	-0.14	-0.14	31.35	32.52
24/12/11	10.06	9.95	32.27	32.47
25/12/11	6.67	6.67	32.25	32.86
26/12/11	5.88	5.65	31.78	33.09
27/12/11	-0.12	-0.12	31.86	33.25
28/12/11	-0.11	-0.11	32.04	33.16
29/12/11	-0.11	-0.11	31.86	33.08
30/12/11	6.90	6.13	31.77	33.01
31/12/11	7.91	7.02	31.66	33.21
01/01/12	9.71	9.16	32.19	33.42
02/01/12	17.52	17.08	nan	33.71
03/01/12	16.52	10.34	nan	34.3
04/01/12	7.93	7.04	nan	34.57
05/01/12	15.94	14.15	nan	34.69
06/01/12	1.94	1.72	nan	35.08
07/01/12	5.95	5.28	nan	34.97
08/01/12	13.95	12.38	nan	35
09/01/12	8.96	7.95	nan	35.31
10/01/12	5.96	5.29	nan	35.43
11/01/12	-0.03	-0.03	nan	35.44
12/01/12	2.98	2.64	nan	35.25
13/01/12	8.98	7.96	nan	35.18
14/01/12	-0.01	-0.01	33.46	35.32
15/01/12	-0.01	-0.01	33.4	35.15
16/01/12	-0.01	-0.01	33.18	35
17/01/12	-0.01	-0.01	33.01	34.86
18/01/12	-0.01	-0.01	32.86	34.72
19/01/12	41.00	37.64	nan	34.6
20/01/12	32.80	29.54	33.72	35.93
21/01/12	29.00	26.08	37.53	36.81
22/01/12	30.20	24.27	35.97	37.49
23/01/12	15.00	13.24	38.94	38.05
24/01/12	0.00	0.00	36.84	38.18
25/01/12	0.00	0.00	36.71	37.84
26/01/12	0.00	0.00	35.98	37.54
27/01/12	0.00	0.00	35.68	37.25
28/01/12	0.00	0.00	35.35	37
29/01/12	0.00	0.00	35.08	36.76
30/01/12	0.00	0.00	35.01	36.54
31/01/12	0.00	0.00	35.59	36.34
01/02/12	0.00	0.00	35.36	36.15
02/02/12	0.00	0.00	35.2	35.98
03/02/12	0.00	0.00	35.01	35.82
04/02/12	0.00	0.00	34.85	35.67
05/02/12	0.00	0.00	34.75	35.53
06/02/12	0.00	0.00	34.66	35.4
07/02/12	0.00	0.00	34.54	35.28
08/02/12	0.00	0.00	34.43	35.17
09/02/12	0.00	0.00	34.33	35.06
10/02/12	0.00	0.00	34.28	34.96
11/02/12	0.00	0.00	34.17	34.87
12/02/12	0.00	0.00	34.1	34.78
13/02/12	0.00	0.00	34.02	34.7
14/02/12	0.00	0.00	33.96	34.62
15/02/12	0.00	0.00	33.91	34.54
16/02/12	-0.03	-0.03	33.9	34.47
17/02/12	16.54	14.91	33.8	34.4
18/02/12	5.91	5.66	33.82	34.94
19/02/12	9.88	9.12	34.02	35.06
20/02/12	-0.15	-0.15	34.03	35.3
21/02/12	-0.19	-0.19	nan	35.16
22/02/12	-0.22	-0.22	33.75	35.03
23/02/12	9.95	9.32	nan	34.91
24/02/12	26.32	25.17	nan	35.17
25/02/12	26.69	26.56	nan	36.01
26/02/12	17.86	12.80	nan	36.81
27/02/12	-0.37	-0.37	nan	37.04
28/02/12	32.20	29.22	34.5	36.78
29/02/12	45.37	33.49	34.41	37.61
01/03/12	-0.46	-0.46	38.5	38.51
02/03/12	-0.49	-0.49	37.26	38.16
03/03/12	-0.52	-0.52	36.23	37.83
04/03/12	-0.56	-0.56	35.76	37.53
05/03/12	-0.59	-0.59	35.36	37.26
06/03/12	-0.62	-0.62	35.1	37
07/03/12	-0.65	-0.65	34.75	36.76
08/03/12	12.72	11.27	34.65	36.54
09/03/12	3.29	3.29	34.62	36.78
10/03/12	2.06	2.06	34.54	36.7
11/03/12	12.03	9.11	34.5	36.58
12/03/12	8.20	7.00	34.44	36.74
13/03/12	1.17	0.90	35.27	36.8
14/03/12	-0.86	-0.86	35.24	36.64
15/03/12	-0.89	-0.89	34.98	36.42
16/03/12	-0.91	-0.91	34.8	36.22
17/03/12	-0.92	-0.92	34.71	36.03
18/03/12	-0.94	-0.94	34.66	35.85
19/03/12	0.05	-0.08	nan	35.69
20/03/12	-0.96	-0.96	nan	35.57
21/03/12	-0.98	-0.98	nan	35.42
22/03/12	-0.99	-0.99	nan	35.27
23/03/12	-1.00	-1.00	33.75	35.14
24/03/12	-1.02	-1.02	33.48	35.01
25/03/12	-1.03	-1.03	33.44	34.89
26/03/12	-1.04	-1.04	33.38	34.78
27/03/12	-1.06	-1.06	33.3	34.66
28/03/12	-1.07	-1.07	33.32	34.54
29/03/12	0.92	0.64	33.29	34.43
30/03/12	6.90	5.79	33.39	34.39
31/03/12	8.89	7.49	33.39	34.58
01/04/12	2.88	2.32	33.3	34.82
02/04/12	-1.14	-1.14	33.39	34.83
03/04/12	-1.15	-1.15	33.41	34.7
04/04/12	-1.17	-1.17	33.38	34.58
05/04/12	-1.18	-1.18	33.19	34.47
06/04/12	-0.19	-0.33	33.17	34.35
07/04/12	4.79	3.94	33.13	34.28
08/04/12	-1.22	-1.22	33.07	34.38
09/04/12	-1.23	-1.23	33.02	34.27
10/04/12	-1.25	-1.25	33.13	34.16
11/04/12	1.74	1.31	32.79	34.05
12/04/12	9.73	8.15	32.75	34.05
13/04/12	-0.29	-0.43	33.07	34.34
14/04/12	3.70	2.98	33.19	34.26
15/04/12	7.69	6.38	33.15	34.33
16/04/12	28.66	24.31	33.25	34.53
17/04/12	-0.37	-0.52	34.33	35.41
18/04/12	-1.40	-1.40	35.24	35.24
19/04/12	-1.43	-1.43	34.47	35.06
20/04/12	1.54	1.11	34.12	34.89
21/04/12	-0.48	-0.63	33.85	34.83
22/04/12	-0.51	-0.66	33.66	34.71
23/04/12	-1.54	-1.54	33.61	34.59
24/04/12	1.43	0.99	33.52	34.44
25/04/12	-1.60	-1.60	33.51	34.41
26/04/12	-1.62	-1.62	33.46	34.28
27/04/12	-1.65	-1.65	nan	34.15
28/04/12	-1.68	-1.68	nan	34.02
29/04/12	-1.71	-1.71	nan	33.9
30/04/12	-1.74	-1.74	nan	33.77
01/05/12	-1.77	-1.77	nan	33.64
02/05/12	-1.79	-1.79	nan	33.53
03/05/12	-1.82	-1.82	nan	33.47
04/05/12	-1.85	-1.85	nan	33.41
05/05/12	4.12	3.21	nan	33.34
06/05/12	4.09	3.18	nan	33.38
07/05/12	-1.94	-1.94	nan	33.42
08/05/12	-1.96	-1.96	nan	33.35
09/05/12	-1.99	-1.99	nan	33.29
10/05/12	-2.02	-2.02	nan	33.22
11/05/12	-2.05	-2.05	nan	33.16
12/05/12	13.92	11.47	nan	33.09
13/05/12	-2.11	-2.11	nan	33.3
14/05/12	-2.13	-2.13	nan	33.23
15/05/12	1.84	1.22	nan	33.16
16/05/12	12.82	10.50	nan	33.16
17/05/12	-1.20	-1.36	nan	33.35
18/05/12	-2.22	-2.22	nan	33.3
19/05/12	-2.24	-2.24	nan	33.23
20/05/12	-2.26	-2.26	nan	33.16
21/05/12	-2.28	-2.28	nan	33.09
22/05/12	4.70	3.60	nan	33.02
23/05/12	1.68	1.05	nan	33.06
24/05/12	-0.35	-0.66	nan	33.06
25/05/12	-2.37	-2.37	nan	33.02
26/05/12	-2.39	-2.39	nan	32.95
27/05/12	-2.41	-2.41	nan	32.88
28/05/12	6.57	5.14	nan	32.81
29/05/12	4.55	3.44	nan	32.89
30/05/12	3.53	2.58	nan	32.93
31/05/12	-1.49	-1.65	nan	32.96
01/06/12	19.49	15.97	nan	32.9
02/06/12	0.47	-0.01	nan	33.47
03/06/12	8.45	6.68	nan	33.42
04/06/12	16.43	13.37	nan	33.67
05/06/12	-1.59	-1.75	nan	34.17
06/06/12	-2.61	-2.61	nan	34.01
07/06/12	-2.63	-2.63	nan	33.83
08/06/12	5.35	4.05	nan	33.66
09/06/12	8.33	6.54	nan	33.78
10/06/12	1.31	0.66	nan	33.99
11/06/12	6.29	4.82	nan	33.95
12/06/12	11.27	8.98	nan	34.07
13/06/12	27.25	22.33	nan	34.36
14/06/12	1.23	0.57	nan	35.14
15/06/12	-1.79	-1.96	nan	35.01
16/06/12	-2.79	-2.79	nan	34.8
17/06/12	-2.80	-2.80	nan	34.56
18/06/12	-2.80	-2.80	nan	34.35
19/06/12	-2.80	-2.80	nan	34.14
20/06/12	11.20	8.87	nan	33.96
21/06/12	13.20	10.53	nan	34.26
22/06/12	0.20	-0.30	nan	34.6
23/06/12	16.20	13.02	nan	34.48
24/06/12	5.19	3.85	nan	34.9
25/06/12	3.19	2.19	nan	34.93
26/06/12	-2.81	-2.81	nan	34.89
27/06/12	-2.81	-2.81	nan	34.66
28/06/12	-2.81	-2.81	nan	34.44
29/06/12	-2.81	-2.81	nan	34.24
30/06/12	-2.81	-2.81	nan	34.05
01/07/12	-0.81	-1.15	nan	33.87
02/07/12	-2.82	-2.82	nan	33.77
03/07/12	6.18	4.66	nan	33.6
04/07/12	-1.82	-1.99	nan	33.76
05/07/12	-2.82	-2.82	nan	33.62
06/07/12	37.18	32.18	nan	33.45
07/07/12	-2.82	-2.82	nan	34.75
08/07/12	3.18	2.17	nan	34.52
09/07/12	5.18	3.84	nan	34.51
10/07/12	-1.83	-1.99	nan	34.56
11/07/12	-0.83	-1.16	nan	34.38
12/07/12	-1.83	-1.99	nan	34.25
13/07/12	5.17	3.84	nan	34.09
14/07/12	1.17	0.51	nan	34.18
15/07/12	9.17	7.18	nan	34.13
16/07/12	-0.83	-1.16	nan	34.36
17/07/12	-2.84	-2.84	nan	34.22
18/07/12	-1.84	-2.00	nan	34.03
19/07/12	2.16	1.34	nan	33.89
20/07/12	12.16	9.70	nan	33.89
21/07/12	12.15	9.70	nan	34.24
22/07/12	2.15	1.33	nan	34.55
23/07/12	-2.85	-2.85	nan	34.5
24/07/12	-2.85	-2.85	nan	34.29
25/07/12	1.14	0.49	nan	34.09
26/07/12	9.14	7.20	nan	34.05
27/07/12	21.14	17.26	nan	34.28
28/07/12	-2.86	-2.86	nan	34.89
29/07/12	4.13	3.01	nan	34.65
30/07/12	1.13	0.49	nan	34.66
31/07/12	-2.87	-2.87	nan	34.58
01/08/12	-2.87	-2.87	nan	34.36
02/08/12	-2.88	-2.88	nan	34.16
03/08/12	-1.88	-2.04	nan	33.97
04/08/12	7.12	5.53	nan	33.83
05/08/12	-2.88	-2.88	nan	34.02
06/08/12	7.11	5.53	nan	33.83
07/08/12	-0.89	-1.21	nan	34.02
08/08/12	-2.89	-2.89	nan	33.9
09/08/12	-2.89	-2.89	nan	33.73
10/08/12	-2.90	-2.90	nan	33.56
11/08/12	2.10	1.32	nan	33.38
12/08/12	-2.90	-2.90	nan	33.4
13/08/12	-2.90	-2.90	nan	33.23
14/08/12	-2.91	-2.91	nan	33.14
15/08/12	-2.91	-2.91	nan	33.06
16/08/12	-2.89	-2.89	nan	32.98
17/08/12	-2.86	-2.86	nan	32.89
18/08/12	-2.84	-2.84	nan	32.81
19/08/12	-2.82	-2.82	nan	32.73
20/08/12	-2.79	-2.79	nan	32.64
21/08/12	-1.77	-1.92	nan	32.56
22/08/12	-2.75	-2.75	nan	32.5
23/08/12	14.28	11.68	nan	32.41
24/08/12	0.30	-0.16	nan	32.64
25/08/12	-2.68	-2.68	nan	32.61
26/08/12	14.35	11.76	nan	32.53
27/08/12	-2.63	-2.63	nan	32.75
28/08/12	-2.61	-2.61	nan	32.68
29/08/12	-2.58	-2.58	nan	32.6
30/08/12	-2.56	-2.56	nan	32.52
31/08/12	30.46	25.50	nan	32.44
01/09/12	1.49	0.89	nan	33.22
02/09/12	-2.49	-2.49	nan	33.22
03/09/12	-2.47	-2.47	nan	33.07
04/09/12	-2.44	-2.44	nan	32.92
05/09/12	16.58	13.76	nan	32.76
06/09/12	-1.40	-1.54	nan	33.34
07/09/12	-2.37	-2.37	nan	33.23
08/09/12	-2.35	-2.35	32.26	33.08
09/09/12	-2.33	-2.33	31.94	32.94
10/09/12	-2.30	-2.30	31.86	32.79
11/09/12	-2.28	-2.28	31.84	32.64
12/09/12	35.74	30.74	31.86	32.56
13/09/12	28.77	24.24	32.03	33.81
14/09/12	-2.21	-2.21	35.36	34.7
15/09/12	-1.19	-1.33	34.03	34.47
16/09/12	-2.15	-2.15	33.25	34.3
17/09/12	-2.11	-2.11	32.95	34.1
18/09/12	-2.08	-2.08	32.79	33.93
19/09/12	14.96	12.51	32.64	33.76
20/09/12	-2.01	-2.01	32.7	34.21
21/09/12	-1.97	-1.97	32.75	34.03
22/09/12	4.06	3.21	32.62	33.86
23/09/12	-1.90	-1.90	32.59	33.92
24/09/12	7.13	5.85	32.52	33.77
25/09/12	-1.83	-1.83	32.4	33.95
26/09/12	-1.79	-1.79	32.73	33.8
27/09/12	2.24	1.68	32.58	33.66
28/09/12	-1.72	-1.72	32.49	33.67
29/09/12	-1.69	-1.69	32.44	33.55
30/09/12	-1.65	-1.65	32.41	33.43
01/10/12	-1.62	-1.62	32.38	33.31
02/10/12	-1.58	-1.58	32.36	33.2
03/10/12	-1.54	-1.54	32.26	33.09
04/10/12	-0.51	-0.65	32.18	32.98
05/10/12	-1.47	-1.47	32.15	32.91
06/10/12	-1.44	-1.44	32.13	32.84
07/10/12	14.60	12.39	32.14	32.79
08/10/12	-1.37	-1.37	32.27	33.24
09/10/12	4.67	3.85	32.36	33.14
10/10/12	-1.29	-1.29	32.2	33.27
11/10/12	-1.26	-1.26	32.22	33.17
12/10/12	8.78	7.41	32.15	33.07
13/10/12	0.81	0.54	32.15	33.36
14/10/12	-1.15	-1.15	32.56	33.34
15/10/12	7.88	6.66	32.43	33.25
16/10/12	8.90	7.55	32.35	33.49
17/10/12	-1.09	-1.09	32.82	33.75
18/10/12	-1.07	-1.07	32.81	33.64
19/10/12	-1.06	-1.06	32.63	33.53
20/10/12	-1.04	-1.04	32.5	33.43
21/10/12	-1.03	-1.03	32.42	33.34
22/10/12	-1.01	-1.01	32.36	33.25
23/10/12	-1.00	-1.00	32.33	33.17
24/10/12	-0.98	-0.98	32.28	33.08
25/10/12	-0.97	-0.97	32.27	33
26/10/12	-0.95	-0.95	32.21	32.92
27/10/12	16.06	13.82	32.21	32.83
28/10/12	-0.92	-0.92	32.23	33.41
29/10/12	-0.91	-0.91	33.61	33.32
30/10/12	-0.89	-0.89	32.29	33.23
31/10/12	-0.88	-0.88	32.4	33.15
01/11/12	17.14	14.78	32.49	33.07
02/11/12	0.15	0.02	33.08	33.66
03/11/12	-0.83	-0.83	32.91	33.59
04/11/12	-0.82	-0.82	32.67	33.49
05/11/12	25.20	21.85	32.53	33.4
06/11/12	3.21	2.70	33.43	34.25
07/11/12	-0.78	-0.78	33.45	34.25
08/11/12	-0.76	-0.76	33.1	34.11
09/11/12	-0.75	-0.75	32.92	33.98
10/11/12	-0.73	-0.73	32.77	33.87
11/11/12	-0.72	-0.72	32.7	33.76
12/11/12	11.30	9.78	32.57	33.66
13/11/12	0.31	0.19	32.51	34
14/11/12	-0.67	-0.67	32.69	33.93
15/11/12	-0.66	-0.66	32.63	33.82
16/11/12	-0.63	-0.63	32.59	33.72
17/11/12	-0.61	-0.61	32.53	33.63
18/11/12	-0.59	-0.59	32.5	33.55
19/11/12	-0.57	-0.57	32.42	33.47
20/11/12	-0.55	-0.55	nan	33.4
21/11/12	-0.53	-0.53	32.28	33.34
22/11/12	0.50	0.37	32.29	33.27
23/11/12	-0.48	-0.48	32.04	33.25
24/11/12	-0.46	-0.46	32.23	33.19
25/11/12	-0.44	-0.44	32.23	33.13
26/11/12	-0.42	-0.42	32.16	33.07
27/11/12	-0.39	-0.39	32.16	33.01
28/11/12	0.63	0.51	32.15	32.95
29/11/12	-0.35	-0.35	32.14	32.94
30/11/12	1.67	1.43	32.12	32.88
01/12/12	-0.31	-0.31	32.07	32.91
02/12/12	-0.28	-0.28	32.03	32.86
03/12/12	-0.26	-0.26	32	32.81
04/12/12	3.16	2.80	31.99	32.76
05/12/12	4.58	4.11	31.98	32.85
06/12/12	-0.20	-0.20	32	33
07/12/12	-0.18	-0.18	31.97	32.96
08/12/12	-0.15	-0.15	31.93	32.91
09/12/12	-0.13	-0.13	31.91	32.86
10/12/12	-0.11	-0.11	31.9	32.82
11/12/12	-0.09	-0.09	31.9	32.77
12/12/12	-0.07	-0.07	31.89	32.73
13/12/12	-0.04	-0.04	33.03	32.69
14/12/12	-0.02	-0.02	33.03	32.65
15/12/12	0.00	0.00	31.92	32.61
16/12/12	8.60	8.02	32.04	32.57
17/12/12	2.60	2.49	32.72	32.91
18/12/12	9.20	8.28	33	32.98
19/12/12	4.40	3.94	33.34	33.3
20/12/12	0.00	0.00	33.54	33.41
21/12/12	0.00	0.00	33.41	33.35
22/12/12	0.00	0.00	33.11	33.29
23/12/12	39.60	37.57	33.09	33.24
24/12/12	22.40	22.40	35.97	34.7
25/12/12	11.20	11.20	37.19	35.41
26/12/12	16.80	16.58	35.46	35.64
27/12/12	21.40	13.14	34.66	36.06
28/12/12	17.60	12.44	34.35	36.31
29/12/12	0.00	0.00	34.73	36.53
30/12/12	1.00	0.89	34.63	36.28
31/12/12	0.00	0.00	34.22	36.08
01/01/13	0.00	0.00	33.92	35.87
02/01/13	2.80	2.58	33.81	35.67
03/01/13	4.20	3.65	33.65	35.59
04/01/13	31.00	27.56	33.52	35.56
05/01/13	45.00	40.00	34.27	36.42
06/01/13	29.00	25.76	40.19	37.64
07/01/13	26.00	23.09	39.02	38.25
08/01/13	10.00	8.88	39.72	38.71
09/01/13	2.00	1.77	39.59	38.65
10/01/13	5.00	4.44	38.68	38.36
11/01/13	0.00	0.00	38.06	38.19
12/01/13	0.00	0.00	37.62	37.88
13/01/13	0.00	0.00	37.19	37.59
14/01/13	0.00	0.00	36.85	37.33
15/01/13	0.00	0.00	36.59	37.09
16/01/13	0.00	0.00	36.37	36.86
17/01/13	0.00	0.00	36.17	36.65
18/01/13	0.00	0.00	36.02	36.46
19/01/13	0.00	0.00	35.72	36.29
20/01/13	0.00	0.00	35.58	36.12
21/01/13	0.00	0.00	35.51	35.97
22/01/13	0.00	0.00	35.37	35.82
23/01/13	0.00	0.00	35.21	35.69
24/01/13	0.00	0.00	35.06	35.57
25/01/13	0.00	0.00	34.92	35.45
26/01/13	0.00	0.00	34.78	35.34
27/01/13	0.00	0.00	34.7	35.23
28/01/13	0.00	0.00	34.58	35.13
29/01/13	24.80	22.18	34.49	35.04
30/01/13	48.60	47.29	34.57	35.82
31/01/13	21.60	14.34	39.34	37.42
01/02/13	12.00	10.56	38.54	37.68
02/02/13	13.00	11.44	37.15	37.78
03/02/13	0.00	0.00	37.35	37.92
04/02/13	23.00	20.94	36.92	37.64
05/02/13	24.60	22.12	36.86	38.12
06/02/13	0.00	0.00	38.38	38.61
07/02/13	0.00	0.00	37.82	38.29
08/02/13	0.00	0.00	37.18	38
09/02/13	0.00	0.00	36.79	37.73
10/02/13	0.00	0.00	36.55	37.48
11/02/13	0.00	0.00	36.39	37.25
12/02/13	0.00	0.00	36.27	37.04
13/02/13	0.00	0.00	36.16	36.84
14/02/13	0.00	0.00	35.93	36.66
15/02/13	0.00	0.00	35.8	36.49
16/02/13	0.00	0.00	35.68	36.33
17/02/13	0.00	0.00	35.52	36.18
18/02/13	-0.01	-0.01	35.43	36.04
19/02/13	-0.01	-0.01	35.38	35.91
20/02/13	-0.01	-0.01	35.34	35.79
21/02/13	-0.01	-0.01	35.24	35.67
22/02/13	-0.01	-0.01	35.13	35.56
23/02/13	-0.02	-0.02	35.08	35.46
24/02/13	-0.02	-0.02	35.01	35.36
25/02/13	-0.02	-0.02	34.94	35.27
26/02/13	-0.02	-0.02	34.85	35.18
27/02/13	-0.02	-0.02	nan	35.1
28/02/13	0.77	0.77	34.7	35.02
01/03/13	-0.03	-0.03	34.72	34.97
02/03/13	-0.03	-0.03	34.84	34.9
03/03/13	-0.03	-0.03	34.85	34.82
04/03/13	-0.04	-0.04	34.94	34.75
05/03/13	7.96	7.96	34.88	34.68
06/03/13	23.56	23.56	35.03	34.94
07/03/13	27.56	25.23	35.41	35.78
08/03/13	7.36	-0.04	36.41	36.59
09/03/13	1.95	1.69	36.62	36.39
10/03/13	3.95	3.42	36.32	36.27
11/03/13	-0.05	-0.05	36.04	36.22
12/03/13	-0.05	-0.05	35.72	36.05
13/03/13	-0.05	-0.05	35.5	35.89
14/03/13	-0.06	-0.06	35.36	35.75
15/03/13	-0.06	-0.06	35.2	35.61
16/03/13	-0.10	-0.10	35.07	35.48
17/03/13	-0.15	-0.15	34.97	35.36
18/03/13	9.81	8.46	35	35.25
19/03/13	10.77	9.27	35.05	35.48
20/03/13	1.72	1.45	35.23	35.72
21/03/13	4.68	4.00	35.2	35.64
22/03/13	-0.37	-0.37	35.1	35.67
23/03/13	-0.41	-0.41	35.01	35.52
24/03/13	-0.45	-0.45	34.9	35.39
25/03/13	-0.50	-0.50	34.83	35.26
26/03/13	-0.54	-0.54	34.76	35.13
27/03/13	-0.58	-0.58	34.65	35.02
28/03/13	-0.63	-0.63	34.59	34.91
29/03/13	4.73	4.31	34.53	34.8
30/03/13	17.48	15.11	34.5	34.9
31/03/13	-0.76	-0.76	34.5	35.42
01/04/13	-0.80	-0.80	34.59	35.27
02/04/13	-0.85	-0.85	34.55	35.13
03/04/13	-0.89	-0.89	34.55	34.99
04/04/13	-0.94	-0.94	34.5	34.86
05/04/13	-0.98	-0.98	34.49	34.74
06/04/13	1.58	1.43	34.5	34.63
07/04/13	1.13	0.99	34.57	34.62
08/04/13	1.69	1.69	34.76	34.59
09/04/13	11.64	8.56	35.07	34.59
10/04/13	0.80	0.51	35.39	34.87
11/04/13	-1.24	-1.24	35.5	34.8
12/04/13	0.71	0.43	35.46	34.67
13/04/13	-1.33	-1.33	35.59	34.61
14/04/13	-1.37	-1.37	35.27	34.48
15/04/13	-1.42	-1.42	35.05	34.36
16/04/13	-1.43	-1.43	34.93	34.24
17/04/13	-1.45	-1.45	34.84	34.13
18/04/13	-1.46	-1.46	34.73	34.01
19/04/13	20.52	17.31	34.66	33.89
20/04/13	1.51	1.07	34.69	34.58
21/04/13	-1.51	-1.51	35	34.55
22/04/13	1.47	1.03	34.85	34.41
23/04/13	-1.54	-1.54	34.75	34.38
24/04/13	-1.56	-1.56	34.72	34.25
25/04/13	-1.57	-1.57	34.58	34.13
26/04/13	-1.59	-1.59	34.49	34.01
27/04/13	-1.60	-1.60	34.4	33.9
28/04/13	-1.62	-1.62	34.36	33.78
29/04/13	-1.63	-1.63	34.26	33.66
30/04/13	-1.65	-1.65	34.34	33.55
01/05/13	-1.66	-1.66	34.16	33.49
02/05/13	6.32	5.12	34.1	33.43
03/05/13	5.31	4.25	34.11	33.51
04/05/13	6.29	5.08	34.11	33.57
05/05/13	-1.72	-1.72	34.04	33.86
06/05/13	0.26	-0.04	34.04	33.74
07/05/13	17.25	14.36	33.97	33.69
08/05/13	-0.77	-0.92	34.11	34.26
09/05/13	-1.78	-1.78	34.07	34.15
10/05/13	6.20	4.98	33.94	34.02
11/05/13	19.19	15.97	33.91	34.17
12/05/13	3.17	2.40	34.49	34.76
13/05/13	2.16	1.54	35.28	34.75
14/05/13	-1.86	-1.86	34.69	34.71
15/05/13	-1.87	-1.87	34.47	34.53
16/05/13	-1.90	-1.90	34.32	34.37
17/05/13	-0.92	-1.07	34.18	34.22
18/05/13	-0.94	-1.10	34.09	34.11
19/05/13	-0.96	-1.12	34.03	34
20/05/13	10.02	8.14	33.94	33.91
21/05/13	13.99	11.49	33.9	34.2
22/05/13	3.97	3.03	nan	34.61
23/05/13	-0.05	-0.36	34.81	34.63
24/05/13	6.93	5.51	34.41	34.52
25/05/13	2.91	2.12	34.22	34.66
26/05/13	6.88	5.46	34.49	34.65
27/05/13	21.86	18.06	34.41	34.77
28/05/13	-2.16	-2.16	35.76	35.38
29/05/13	-2.18	-2.18	35.94	35.15
30/05/13	23.80	19.65	35.17	34.93
31/05/13	76.77	71.77	35.16	35.59
01/06/13	7.75	6.15	41.84	38.07
02/06/13	80.73	75.73	40.47	37.97
03/06/13	12.71	10.30	44.43	40.28
04/06/13	11.69	9.43	42.67	40.17
05/06/13	6.66	5.21	41.59	40.05
06/06/13	-2.36	-2.36	nan	39.81
07/06/13	-2.38	-2.38	nan	39.32
08/06/13	-2.40	-2.40	nan	38.88
09/06/13	3.58	2.60	nan	38.47
10/06/13	-0.45	-0.77	nan	38.27
11/06/13	18.53	15.10	nan	37.97
12/06/13	-2.49	-2.49	nan	38.26
13/06/13	-2.51	-2.51	nan	37.9
14/06/13	-2.53	-2.53	nan	37.57
15/06/13	-0.56	-0.89	nan	37.26
16/06/13	0.43	-0.07	nan	37.03
17/06/13	-2.59	-2.59	nan	36.85
18/06/13	-2.61	-2.61	nan	36.58
19/06/13	-2.63	-2.63	nan	36.34
20/06/13	-2.65	-2.65	nan	36.1
21/06/13	-2.67	-2.67	nan	35.88
22/06/13	15.31	12.31	nan	35.67
23/06/13	4.29	3.12	nan	36.07
24/06/13	28.27	23.27	nan	36.07
25/06/13	32.25	27.25	nan	36.83
26/06/13	4.24	3.06	nan	37.66
27/06/13	-2.78	-2.78	nan	37.53
28/06/13	-2.80	-2.80	nan	37.21
29/06/13	-2.82	-2.82	nan	36.91
30/06/13	8.16	6.29	nan	36.62
01/07/13	-2.86	-2.86	nan	36.7
02/07/13	-2.88	-2.88	nan	36.43
03/07/13	21.10	17.04	nan	36.18
04/07/13	-2.92	-2.92	nan	36.7
05/07/13	14.06	11.20	nan	36.42
06/07/13	-0.95	-1.29	nan	36.7
07/07/13	-2.97	-2.97	nan	36.49
08/07/13	-2.99	-2.99	nan	36.22
09/07/13	-3.01	-3.01	nan	35.97
10/07/13	-3.03	-3.03	nan	35.74
11/07/13	4.95	3.62	nan	35.52
12/07/13	-3.07	-3.07	nan	35.58
13/07/13	-3.09	-3.09	nan	35.36
14/07/13	-3.11	-3.11	nan	35.16
15/07/13	-3.13	-3.13	nan	34.95
16/07/13	-3.12	-3.12	nan	34.74
17/07/13	-3.11	-3.11	nan	34.61
18/07/13	-3.10	-3.10	nan	34.5
19/07/13	-3.10	-3.10	nan	34.4
20/07/13	-3.09	-3.09	nan	34.3
21/07/13	-3.08	-3.08	nan	34.2
22/07/13	-3.08	-3.08	nan	34.1
23/07/13	-3.07	-3.07	nan	34.01
24/07/13	-3.06	-3.06	nan	33.91
25/07/13	-3.06	-3.06	nan	33.82
26/07/13	-3.05	-3.05	nan	33.73
27/07/13	-3.04	-3.04	nan	33.65
28/07/13	-3.03	-3.03	nan	33.56
29/07/13	-3.03	-3.03	nan	33.47
30/07/13	-2.02	-2.18	nan	33.39
31/07/13	-3.01	-3.01	nan	33.32
01/08/13	-3.01	-3.01	nan	33.23
02/08/13	-3.00	-3.00	nan	33.14
03/08/13	-2.99	-2.99	nan	33.06
04/08/13	4.01	2.90	nan	32.97
05/08/13	-2.98	-2.98	nan	33.01
06/08/13	-2.97	-2.97	nan	32.92
07/08/13	-2.96	-2.96	nan	32.83
08/08/13	-2.96	-2.96	nan	32.75
09/08/13	17.05	13.90	nan	32.66
10/08/13	0.06	-0.41	nan	32.93
11/08/13	-2.94	-2.94	nan	32.9
12/08/13	7.07	5.51	nan	32.82
13/08/13	1.08	0.45	nan	32.91
14/08/13	-2.92	-2.92	nan	32.9
15/08/13	-2.91	-2.91	nan	32.81
16/08/13	-2.88	-2.88	nan	32.72
17/08/13	-2.86	-2.86	nan	32.64
18/08/13	-2.83	-2.83	nan	32.55
19/08/13	20.20	16.65	nan	32.47
20/08/13	2.22	1.45	nan	32.81
21/08/13	-2.75	-2.75	nan	32.82
22/08/13	-2.73	-2.73	nan	32.73
23/08/13	-2.70	-2.70	nan	32.65
24/08/13	3.33	2.41	nan	32.57
25/08/13	10.35	8.37	nan	32.6
26/08/13	-2.62	-2.62	nan	32.76
27/08/13	-1.60	-1.75	nan	32.68
28/08/13	32.43	27.43	nan	32.62
29/08/13	2.46	1.70	nan	33.62
30/08/13	-2.52	-2.52	nan	33.63
31/08/13	-2.49	-2.49	nan	33.47
01/09/13	2.54	1.79	nan	33.31
02/09/13	-1.44	-1.59	nan	33.35
03/09/13	2.59	1.84	nan	33.24
04/09/13	-2.39	-2.39	nan	33.28
05/09/13	-2.36	-2.36	nan	33.14
06/09/13	-2.33	-2.33	nan	32.99
07/09/13	-2.31	-2.31	nan	32.84
08/09/13	-2.28	-2.28	nan	32.72
09/09/13	3.74	2.86	nan	32.65
10/09/13	6.77	5.45	nan	32.68
11/09/13	-1.20	-1.35	nan	32.78
12/09/13	-2.18	-2.18	nan	32.73
13/09/13	13.85	11.51	nan	32.66
14/09/13	0.87	0.44	nan	33.14
15/09/13	-2.10	-2.10	nan	33.12
16/09/13	20.92	17.59	32.27	32.98
17/09/13	15.95	13.34	32.28	33.71
18/09/13	24.97	21.07	34.64	34.19
19/09/13	9.99	8.26	34.49	34.93
20/09/13	0.01	-0.27	36.3	35.11
21/09/13	-0.96	-1.11	34.97	34.95
22/09/13	-1.94	-1.94	33.89	34.77
23/09/13	-1.92	-1.92	33.43	34.57
24/09/13	-1.90	-1.90	33.18	34.39
25/09/13	-1.87	-1.87	33.08	34.22
26/09/13	11.15	9.31	32.95	34.06
27/09/13	3.17	2.46	32.97	34.38
28/09/13	-1.81	-1.81	33.18	34.39
29/09/13	-1.78	-1.78	32.96	34.23
30/09/13	-0.76	-0.90	32.86	34.08
01/10/13	-1.74	-1.74	32.8	33.98
02/10/13	-1.72	-1.72	32.72	33.85
03/10/13	-1.69	-1.69	32.63	33.72
04/10/13	-1.67	-1.67	32.53	33.61
05/10/13	0.35	0.07	32.49	33.49
06/10/13	-1.63	-1.63	32.49	33.46
07/10/13	-1.60	-1.60	32.49	33.34
08/10/13	-1.58	-1.58	32.48	33.23
09/10/13	-0.56	-0.70	32.45	33.13
10/10/13	7.46	6.23	32.45	33.09
11/10/13	6.49	5.39	32.48	33.19
12/10/13	-1.49	-1.49	32.72	33.51
13/10/13	-1.47	-1.47	32.63	33.41
14/10/13	-1.45	-1.45	32.51	33.3
15/10/13	-0.42	-0.56	32.5	33.19
16/10/13	6.60	5.52	32.48	33.13
17/10/13	-0.37	-0.50	32.59	33.35
18/10/13	6.66	5.58	32.58	33.28
19/10/13	-1.31	-1.31	32.89	33.49
20/10/13	-1.28	-1.28	32.8	33.39
21/10/13	-1.26	-1.26	32.71	33.3
22/10/13	-1.23	-1.23	32.65	33.2
23/10/13	-1.20	-1.20	32.62	33.11
24/10/13	1.83	1.43	32.58	33.01
25/10/13	-1.14	-1.14	32.57	33.04
26/10/13	-1.12	-1.12	32.55	32.95
27/10/13	4.91	4.12	32.51	32.89
28/10/13	-1.06	-1.06	32.53	32.95
29/10/13	-0.03	-0.16	32.53	32.91
30/10/13	10.00	8.56	32.49	32.88
31/10/13	-0.98	-0.98	32.6	33.25
01/11/13	-0.95	-0.95	32.64	33.17
02/11/13	-0.92	-0.92	32.56	33.09
03/11/13	11.11	9.56	32.53	33
04/11/13	-0.86	-0.86	32.88	33.39
05/11/13	3.16	2.65	33.06	33.31
06/11/13	28.19	24.47	32.89	33.39
07/11/13	-0.78	-0.78	33.84	34.36
08/11/13	-0.75	-0.75	35.89	34.22
09/11/13	5.28	4.51	34.16	34.1
10/11/13	5.30	4.54	33.7	34.2
11/11/13	18.33	15.92	33.56	34.3
12/11/13	-0.64	-0.64	35.07	34.84
13/11/13	-0.61	-0.61	nan	34.69
14/11/13	0.42	0.29	34.17	34.55
15/11/13	-0.56	-0.56	33.92	34.45
16/11/13	-0.54	-0.54	33.69	34.33
17/11/13	-0.53	-0.53	33.53	34.22
18/11/13	-0.51	-0.51	33.41	34.12
19/11/13	-0.49	-0.49	33.32	34.03
20/11/13	-0.48	-0.48	33.29	33.95
21/11/13	-0.46	-0.46	33.19	33.87
22/11/13	-0.45	-0.45	33.13	33.8
23/11/13	5.57	4.83	33.02	33.73
24/11/13	50.58	45.58	32.97	33.89
25/11/13	-0.40	-0.40	34.72	35.64
26/11/13	-0.39	-0.39	35.59	35.45
27/11/13	-0.37	-0.37	34.29	35.27
28/11/13	-0.35	-0.35	33.8	35.11
29/11/13	0.86	0.86	33.62	34.97
30/11/13	-0.32	-0.32	33.55	34.88
01/12/13	-0.31	-0.31	33.53	34.75
02/12/13	-0.29	-0.29	33.43	34.64
03/12/13	-0.28	-0.28	33.33	34.53
04/12/13	-0.26	-0.26	33.29	34.43
05/12/13	0.55	0.55	33.25	34.34
06/12/13	18.17	16.04	33.22	34.29
07/12/13	-0.21	-0.21	33.39	34.87
08/12/13	7.20	6.85	33.31	34.75
09/12/13	19.02	15.94	33.61	34.92
10/12/13	7.83	6.90	34.61	35.43
11/12/13	-0.15	-0.15	36.85	35.55
12/12/13	-0.14	-0.14	35.68	35.39
13/12/13	-0.12	-0.12	34.39	35.24
14/12/13	-0.11	-0.11	33.55	35.11
15/12/13	1.91	1.68	33.33	34.98
16/12/13	-0.09	-0.09	33.22	34.94
17/12/13	-0.09	-0.09	33.15	34.83
18/12/13	-0.09	-0.09	33.11	34.73
19/12/13	-0.09	-0.09	33.07	34.63
20/12/13	-0.09	-0.09	33.04	34.55
21/12/13	-0.09	-0.09	32.96	34.46
22/12/13	-0.09	-0.09	32.92	34.39
23/12/13	-0.09	-0.09	32.91	34.32
24/12/13	-0.09	-0.09	32.89	34.25
25/12/13	-0.09	-0.09	32.92	34.19
26/12/13	2.91	2.57	32.93	34.13
27/12/13	2.91	2.57	32.95	34.18
28/12/13	-0.09	-0.09	32.93	34.23
29/12/13	1.91	1.68	32.89	34.17
30/12/13	-0.09	-0.09	32.81	34.18
31/12/13	-0.09	-0.09	32.77	34.12
01/01/14	-0.09	-0.09	32.75	34.06
02/01/14	-0.09	-0.09	32.71	34
03/01/14	0.91	0.79	32.66	33.95
04/01/14	-0.10	-0.10	32.64	33.94
05/01/14	3.90	3.46	32.63	33.88
06/01/14	-0.10	-0.10	32.6	33.98
07/01/14	-0.10	-0.10	32.55	33.93
08/01/14	-0.10	-0.10	32.51	33.88
09/01/14	-0.10	-0.10	32.51	33.83
10/01/14	4.90	4.34	32.52	33.78
11/01/14	2.90	2.56	32.5	33.92
12/01/14	2.90	2.56	32.66	33.98
13/01/14	-0.10	-0.10	32.62	34.03
14/01/14	-0.10	-0.10	32.56	33.97
15/01/14	-0.10	-0.10	32.51	33.91
16/01/14	-0.11	-0.11	32.47	33.86
17/01/14	-0.12	-0.12	32.44	33.81
18/01/14	-0.13	-0.13	32.43	33.76
19/01/14	-0.14	-0.14	32.43	33.71
20/01/14	1.85	1.62	32.4	33.66
21/01/14	13.84	12.21	32.64	33.69
22/01/14	-0.17	-0.17	32.87	34.16
23/01/14	-0.18	-0.18	32.67	34.08
24/01/14	-0.19	-0.19	32.63	34.01
25/01/14	-0.20	-0.20	32.58	33.94
26/01/14	-0.20	-0.20	32.56	33.87
27/01/14	-0.21	-0.21	32.53	33.81
28/01/14	-0.22	-0.22	32.49	33.76
29/01/14	-0.23	-0.23	32.45	33.7
30/01/14	-0.24	-0.24	32.38	33.65
31/01/14	-0.25	-0.25	32.42	33.6
01/02/14	11.74	10.32	32.67	33.55
02/02/14	-0.27	-0.27	32.74	33.95
03/02/14	-0.28	-0.28	32.63	33.88
04/02/14	-0.29	-0.29	32.59	33.81
05/02/14	-0.30	-0.30	32.55	33.75
06/02/14	-0.31	-0.31	32.52	33.69
07/02/14	0.68	0.56	32.51	33.63
08/02/14	0.67	0.55	32.52	33.61
09/02/14	7.66	6.68	32.64	33.6
10/02/14	-0.35	-0.35	32.69	33.84
11/02/14	7.64	6.65	32.72	33.77
12/02/14	-0.37	-0.37	32.67	34
13/02/14	0.62	0.50	32.64	33.92
14/02/14	-0.39	-0.39	32.62	33.88
15/02/14	-0.40	-0.40	32.59	33.8
16/02/14	2.58	2.21	32.51	33.73
17/02/14	0.56	0.44	32.52	33.78
18/02/14	-0.46	-0.46	32.5	33.75
19/02/14	3.52	3.02	32.49	33.68
20/02/14	-0.50	-0.50	32.52	33.76
21/02/14	0.48	0.35	32.49	33.69
22/02/14	0.46	0.33	32.47	33.66
23/02/14	-0.56	-0.56	32.43	33.63
24/02/14	-0.58	-0.58	32.43	33.57
25/02/14	-0.60	-0.60	32.4	33.5
26/02/14	-0.62	-0.62	32.36	33.43
27/02/14	-0.64	-0.64	32.34	33.37
28/02/14	-0.66	-0.66	32.33	33.3
01/03/14	-0.68	-0.68	32.3	33.23
02/03/14	-0.70	-0.70	32.27	33.16
03/03/14	-0.72	-0.72	32.27	33.09
04/03/14	0.26	0.13	32.21	33.01
05/03/14	-0.76	-0.76	32.15	32.98
06/03/14	0.22	0.09	32.13	32.93
07/03/14	-0.80	-0.80	32.12	32.91
08/03/14	-0.82	-0.82	32.09	32.87
09/03/14	-0.84	-0.84	32.09	32.83
10/03/14	-0.86	-0.86	32.09	32.79
11/03/14	-0.88	-0.88	32.08	32.75
12/03/14	-0.90	-0.90	32.05	32.71
13/03/14	-0.92	-0.92	32.05	32.66
14/03/14	-0.94	-0.94	32.03	32.62
15/03/14	7.04	5.97	32.09	32.58
16/03/14	2.03	1.62	32.13	32.68
17/03/14	-0.99	-0.99	32.05	32.69
18/03/14	-1.01	-1.01	32.04	32.65
19/03/14	-1.03	-1.03	31.96	32.6
20/03/14	-1.04	-1.04	31.96	32.56
21/03/14	-1.06	-1.06	31.23	32.51
22/03/14	-1.08	-1.08	31.81	32.46
23/03/14	18.90	16.16	31.33	32.42
24/03/14	10.89	9.24	30.3	32.74
25/03/14	0.87	0.59	30.56	33.22
26/03/14	-1.15	-1.15	30.46	33.2
27/03/14	-1.17	-1.17	30.35	33.11
28/03/14	-1.18	-1.18	30.72	33.02
29/03/14	-1.20	-1.20	30.59	32.93
30/03/14	-1.22	-1.22	28.61	32.83
31/03/14	-1.24	-1.24	31.11	32.74
01/04/14	-1.25	-1.25	30.61	32.64
02/04/14	-1.27	-1.27	29.8	32.55
03/04/14	-1.29	-1.29	30.41	32.5
04/04/14	-1.31	-1.31	30.16	32.45
05/04/14	-1.32	-1.32	30.59	32.4
06/04/14	1.66	1.23	29.8	32.35
07/04/14	-1.36	-1.36	29.46	32.35
08/04/14	7.62	6.34	30.31	32.3
09/04/14	-0.39	-0.54	30.12	32.42
10/04/14	13.59	11.44	30.59	32.38
11/04/14	-1.43	-1.43	30.69	32.6
12/04/14	-1.45	-1.45	30.84	32.55
13/04/14	1.54	1.10	28.9	32.49
14/04/14	7.52	6.22	28.59	32.49
15/04/14	9.50	7.91	31.5	32.86
16/04/14	13.49	11.32	31.28	33.17
17/04/14	-1.52	-1.52	33.58	33.59
18/04/14	-1.53	-1.53	31.93	33.45
19/04/14	-0.54	-0.69	30.91	33.31
20/04/14	1.45	1.01	31.35	33.22
21/04/14	-1.56	-1.56	31.39	33.21
22/04/14	-1.57	-1.57	30.52	33.09
23/04/14	-1.58	-1.58	31.5	32.98
24/04/14	0.41	0.11	30.44	32.87
25/04/14	-1.60	-1.60	30.69	32.83
26/04/14	-1.61	-1.61	30.54	32.72
27/04/14	0.38	0.08	30.67	32.61
28/04/14	-1.63	-1.63	30.22	32.58
29/04/14	12.36	10.27	31.06	32.46
30/04/14	-1.65	-1.65	31.2	32.89
01/05/14	-1.66	-1.66	30.82	32.78
02/05/14	0.33	0.03	29.93	32.67
03/05/14	21.32	17.85	31.31	32.63
04/05/14	-1.69	-1.69	31.75	33.37
05/05/14	-1.70	-1.70	30.82	33.23
06/05/14	-1.71	-1.71	30.43	33.1
07/05/14	3.28	2.52	32.14	32.97
08/05/14	-1.73	-1.73	30.58	33.04
09/05/14	-0.74	-0.89	28.99	32.92
10/05/14	4.25	3.33	30.96	32.84
11/05/14	9.24	7.55	29.46	32.94
12/05/14	3.23	2.46	30.16	33.22
13/05/14	6.22	4.99	30.84	33.27
14/05/14	6.21	4.98	31.05	33.42
15/05/14	13.20	10.88	31.71	33.55
16/05/14	87.17	82.17	34.72	33.92
17/05/14	35.14	30.14	40.51	36.94
18/05/14	13.11	10.78	40.51	37.73
19/05/14	-1.91	-1.91	39.7	37.77
20/05/14	-1.94	-1.94	38.23	37.36
21/05/14	-1.97	-1.97	37.49	36.99
22/05/14	-2.00	-2.00	36.96	36.64
23/05/14	-2.03	-2.03	36.55	36.32
24/05/14	-2.06	-2.06	36.2	36.03
25/05/14	-2.08	-2.08	35.84	35.76
26/05/14	-2.11	-2.11	35.61	35.51
27/05/14	6.86	5.43	35.44	35.27
28/05/14	71.83	66.83	39.33	35.35
29/05/14	35.80	30.80	41.55	37.67
30/05/14	1.77	1.14	40.02	38.46
31/05/14	1.75	1.11	38.67	38.15
01/06/14	4.72	3.60	38.29	37.87
02/06/14	-2.31	-2.31	37.86	37.7
03/06/14	-2.34	-2.34	37.53	37.34
04/06/14	-1.37	-1.53	37.29	37
05/06/14	-0.40	-0.72	37.07	36.72
06/06/14	-2.42	-2.42	36.33	36.49
07/06/14	-2.45	-2.45	35.57	36.21
08/06/14	-2.48	-2.48	35.34	35.95
09/06/14	-2.51	-2.51	35.16	35.71
10/06/14	-2.54	-2.54	35.01	35.48
11/06/14	-2.57	-2.57	34.81	35.27
12/06/14	-2.59	-2.59	34.95	35.06
13/06/14	-2.62	-2.62	35.19	34.87
14/06/14	-2.65	-2.65	35.02	34.69
15/06/14	-2.68	-2.68	34.9	34.5
16/06/14	-2.69	-2.69	34.76	34.31
17/06/14	-2.69	-2.69	34.63	34.17
18/06/14	-2.70	-2.70	34.51	34.07
19/06/14	-2.71	-2.71	34.42	33.97
20/06/14	1.29	0.62	34.34	33.88
21/06/14	-2.72	-2.72	34.27	33.85
22/06/14	-2.73	-2.73	34.2	33.76
23/06/14	-2.74	-2.74	34.14	33.67
24/06/14	-1.74	-1.91	34.09	33.58
25/06/14	-1.75	-1.92	34.02	33.51
26/06/14	-2.76	-2.76	33.92	33.44
27/06/14	-2.76	-2.76	33.84	33.35
28/06/14	-2.77	-2.77	33.78	33.27
29/06/14	7.22	5.53	33.75	33.19
30/06/14	26.22	21.29	34.17	33.28
01/07/14	-2.79	-2.79	33.78	33.66
02/07/14	12.20	9.66	33.74	33.58
03/07/14	-2.81	-2.81	33.89	33.98
04/07/14	-2.81	-2.81	33.61	33.8
05/07/14	-2.82	-2.82	33.5	33.63
06/07/14	-2.83	-2.83	33.4	33.46
07/07/14	-0.83	-1.17	33.32	33.38
08/07/14	6.16	4.65	33.31	33.32
09/07/14	0.15	-0.35	33.33	33.39
10/07/14	-2.86	-2.86	33.21	33.35
11/07/14	6.14	4.64	33.16	33.27
12/07/14	-2.87	-2.87	33.24	33.34
13/07/14	-1.88	-2.04	33.11	33.25
14/07/14	-0.88	-1.21	33.06	33.19
15/07/14	-2.89	-2.89	33.02	33.14
16/07/14	-2.88	-2.88	32.95	33.05
17/07/14	4.13	2.98	33.1	32.97
18/07/14	-2.85	-2.85	33.01	33.01
19/07/14	-2.84	-2.84	32.87	32.93
20/07/14	15.17	12.22	33.14	32.84
21/07/14	4.18	3.04	33.74	33.07
22/07/14	-1.81	-1.97	33.29	33.1
23/07/14	14.21	11.44	33.18	33.04
24/07/14	-2.78	-2.78	33.19	33.24
25/07/14	-2.77	-2.77	32.93	33.16
26/07/14	-2.76	-2.76	32.82	33.08
27/07/14	-2.74	-2.74	32.72	33
28/07/14	28.27	23.27	33.98	32.92
29/07/14	-2.72	-2.72	33.94	33.75
30/07/14	-1.71	-1.87	33.3	33.58
31/07/14	29.30	24.30	34.12	33.45
01/08/14	1.32	0.68	35.36	34.42
02/08/14	-2.67	-2.67	34.17	34.34
03/08/14	0.34	-0.14	33.61	34.13
04/08/14	-2.65	-2.65	33.37	34.05
05/08/14	3.37	2.41	33.19	33.86
06/08/14	7.38	5.79	33.24	33.9
07/08/14	-2.61	-2.61	33.06	34.07
08/08/14	-2.60	-2.60	32.92	33.89
09/08/14	4.41	3.31	32.81	33.71
10/08/14	-2.57	-2.57	32.72	33.8
11/08/14	3.44	2.50	32.67	33.64
12/08/14	8.45	6.73	32.72	33.69
13/08/14	6.46	5.06	32.88	33.92
14/08/14	-1.52	-1.68	32.89	34.06
15/08/14	-2.51	-2.51	32.67	33.92
16/08/14	0.50	0.03	32.62	33.74
17/08/14	-2.49	-2.49	32.57	33.69
18/08/14	-2.48	-2.48	32.5	33.53
19/08/14	-1.47	-1.63	32.44	33.38
20/08/14	3.54	2.62	32.41	33.27
21/08/14	1.55	0.93	32.59	33.35
22/08/14	21.56	17.88	32.87	33.35
23/08/14	3.57	2.65	34.33	34.06
24/08/14	-0.42	-0.73	33.7	34.09
25/08/14	-2.41	-2.41	33.3	33.97
26/08/14	-1.40	-1.55	33.06	33.8
27/08/14	8.61	6.94	32.96	33.68
28/08/14	-2.38	-2.38	32.88	33.91
29/08/14	-2.37	-2.37	32.72	33.74
30/08/14	18.64	15.48	33	33.59
31/08/14	9.65	7.85	33.53	34.18
01/09/14	30.66	25.71	36.42	34.41
02/09/14	20.67	17.23	36.77	35.3
03/09/14	2.68	1.94	36.89	35.79
04/09/14	-2.31	-2.31	35.51	35.67
05/09/14	-2.30	-2.30	34.85	35.4
06/09/14	-2.29	-2.29	34.53	35.15
07/09/14	-2.28	-2.28	34.13	34.92
08/09/14	-2.27	-2.27	33.87	34.7
09/09/14	-1.25	-1.40	33.68	34.5
10/09/14	-2.24	-2.24	33.54	34.35
11/09/14	10.77	8.86	33.43	34.18
12/09/14	11.78	9.73	34.55	34.47
13/09/14	25.79	21.70	36.32	34.76
14/09/14	-0.20	-0.49	35.89	35.49
15/09/14	-1.19	-1.34	34.87	35.31
16/09/14	-2.17	-2.17	34.41	35.11
17/09/14	-2.15	-2.15	34.16	34.89
18/09/14	-2.13	-2.13	33.95	34.69
19/09/14	-2.11	-2.11	33.74	34.5
20/09/14	2.91	2.19	33.56	34.33
21/09/14	6.93	5.64	33.45	34.34
22/09/14	13.95	11.66	33.68	34.49
23/09/14	-0.03	-0.32	34.03	34.87
24/09/14	-2.01	-2.01	33.91	34.74
25/09/14	3.01	2.30	33.74	34.55
26/09/14	2.03	1.46	33.61	34.55
27/09/14	-1.95	-1.95	33.9	34.52
28/09/14	6.07	4.94	33.97	34.35
29/09/14	-1.91	-1.91	33.68	34.47
30/09/14	-1.89	-1.89	33.53	34.31
01/10/14	7.13	5.87	33.43	34.15
02/10/14	-1.85	-1.85	33.51	34.33
03/10/14	-1.83	-1.83	33.36	34.17
04/10/14	-1.81	-1.81	33.26	34.03
05/10/14	-1.79	-1.79	33.19	33.9
06/10/14	-1.77	-1.77	33.16	33.77
07/10/14	-1.75	-1.75	33.09	33.64
08/10/14	-1.73	-1.73	33.02	33.51
09/10/14	-1.71	-1.71	32.94	33.39
10/10/14	-1.69	-1.69	32.89	33.3
11/10/14	-0.67	-0.81	32.84	33.24
12/10/14	0.35	0.08	32.8	33.2
13/10/14	-1.63	-1.63	32.74	33.17
14/10/14	0.39	0.12	32.59	33.12
15/10/14	-1.59	-1.59	32.5	33.09
16/10/14	-0.57	-0.70	32.63	33.04
17/10/14	13.46	11.43	32.73	33
18/10/14	-1.52	-1.52	32.67	33.2
19/10/14	-1.50	-1.50	32.58	33.15
20/10/14	4.53	3.72	32.55	33.09
21/10/14	15.55	13.28	33.28	33.14
22/10/14	15.57	13.31	33.87	33.71
23/10/14	72.60	67.60	38.08	34.21
24/10/14	8.62	7.29	39.73	36.7
25/10/14	-1.36	-1.36	36.77	36.71
26/10/14	-1.34	-1.34	35.94	36.41
27/10/14	-1.31	-1.31	35.1	36.13
28/10/14	-1.29	-1.29	34.8	35.88
29/10/14	-1.27	-1.27	34.55	35.64
30/10/14	-1.24	-1.24	34.35	35.43
31/10/14	-1.22	-1.22	34.21	35.23
01/11/14	-1.20	-1.20	34.12	35.05
02/11/14	-1.17	-1.17	34	34.88
03/11/14	-1.15	-1.15	33.94	34.73
04/11/14	-1.13	-1.13	33.84	34.58
05/11/14	-1.10	-1.10	33.78	34.45
06/11/14	-1.08	-1.08	33.69	34.33
07/11/14	-0.06	-0.19	33.62	34.21
08/11/14	0.97	0.71	33.55	34.14
09/11/14	-1.01	-1.01	33.51	34.11
10/11/14	-0.99	-0.99	33.44	34.01
11/11/14	-0.97	-0.97	33.4	33.92
12/11/14	-0.94	-0.94	33.37	33.82
13/11/14	-0.92	-0.92	33.28	33.73
14/11/14	-0.90	-0.90	33.24	33.64
15/11/14	-0.87	-0.87	33.22	33.55
16/11/14	-0.85	-0.85	33.16	33.46
17/11/14	-0.83	-0.83	33.11	33.39
18/11/14	2.19	1.81	33.08	33.34
19/11/14	16.21	14.10	33.16	33.35
20/11/14	-0.77	-0.77	33.15	33.93
21/11/14	-0.75	-0.75	33.03	33.84
22/11/14	-0.73	-0.73	33	33.76
23/11/14	-0.71	-0.71	33	33.68
24/11/14	-0.69	-0.69	32.95	33.6
25/11/14	-0.67	-0.67	32.95	33.52
26/11/14	-0.65	-0.65	32.94	33.45
27/11/14	-0.63	-0.63	32.91	33.38
28/11/14	-0.61	-0.61	32.87	33.31
29/11/14	-0.59	-0.59	32.86	33.24
30/11/14	-0.57	-0.57	32.85	33.17
01/12/14	3.25	2.89	32.86	33.13
02/12/14	-0.53	-0.53	32.82	33.17
03/12/14	1.49	1.33	32.78	33.13
04/12/14	-0.29	-0.49	32.75	33.13
05/12/14	-0.47	-0.47	32.72	33.1
06/12/14	1.55	1.31	32.71	33.07
07/12/14	11.57	10.15	32.82	33.07
08/12/14	3.59	3.12	33.04	33.5
09/12/14	-0.39	-0.39	32.89	33.59
10/12/14	-0.37	-0.37	32.8	33.53
11/12/14	-0.35	-0.35	32.78	33.47
12/12/14	-0.33	-0.33	32.73	33.41
13/12/14	-0.31	-0.31	32.7	33.36
14/12/14	-0.29	-0.29	32.69	33.3
15/12/14	-0.27	-0.27	32.64	33.25
16/12/14	4.74	4.16	32.58	33.2
17/12/14	1.74	1.51	32.63	33.34
18/12/14	7.75	6.83	32.64	33.37
19/12/14	0.75	0.64	33.25	33.62
20/12/14	12.76	11.28	33.66	33.59
21/12/14	4.76	4.20	33.7	34.01
22/12/14	-0.23	-0.23	33.39	34.1
23/12/14	-0.22	-0.22	33.11	34
24/12/14	-0.22	-0.22	32.96	33.91
25/12/14	8.79	7.78	32.95	33.83
26/12/14	-0.21	-0.21	32.91	34.08
27/12/14	-0.20	-0.20	32.93	33.99
28/12/14	-0.20	-0.20	32.8	33.91
29/12/14	-0.19	-0.19	32.7	33.83
30/12/14	-0.18	-0.18	32.67	33.76
31/12/14	-0.18	-0.18	32.65	33.69
01/01/15	-0.17	-0.17	32.64	33.63
02/01/15	-0.17	-0.17	32.67	33.57
03/01/15	21.44	19.67	34.24	33.52
04/01/15	-0.16	-0.16	35.28	34.28
05/01/15	-0.15	-0.15	34.38	34.18
06/01/15	-0.14	-0.14	33.95	34.08
07/01/15	-0.14	-0.14	33.68	33.99
08/01/15	2.27	2.04	33.54	33.91
09/01/15	35.07	34.17	35.07	33.93
10/01/15	32.68	25.34	38.66	35.21
11/01/15	24.88	22.05	37.35	36.01
12/01/15	0.89	0.78	36.46	36.61
13/01/15	-0.10	-0.10	35.74	36.39
14/01/15	4.90	4.33	35.32	36.16
15/01/15	-0.09	-0.09	35.03	36.11
16/01/15	-0.09	-0.09	34.83	35.9
17/01/15	5.91	5.22	34.64	35.71
18/01/15	-0.08	-0.08	34.53	35.74
19/01/15	-0.08	-0.08	34.41	35.57
20/01/15	-0.08	-0.08	34.29	35.41
21/01/15	-0.07	-0.07	34.22	35.26
22/01/15	-0.07	-0.07	34.16	35.13
23/01/15	-0.07	-0.07	34.03	35
24/01/15	-0.07	-0.07	33.94	34.88
25/01/15	-0.06	-0.06	33.84	34.78
26/01/15	-0.06	-0.06	33.77	34.68
27/01/15	-0.06	-0.06	33.73	34.58
28/01/15	-0.05	-0.05	33.68	34.5
29/01/15	-0.05	-0.05	33.7	34.41
30/01/15	-0.05	-0.05	33.74	34.34
31/01/15	-0.04	-0.04	33.67	34.27
01/02/15	-0.04	-0.04	33.55	34.2
02/02/15	-0.04	-0.04	33.48	34.13
03/02/15	-0.04	-0.04	33.44	34.07
04/02/15	-0.03	-0.03	33.38	34.02
05/02/15	-0.03	-0.03	33.33	33.96
06/02/15	-0.03	-0.03	33.3	33.9
07/02/15	-0.02	-0.02	33.28	33.85
08/02/15	-0.02	-0.02	33.25	33.8
09/02/15	-0.02	-0.02	33.21	33.74
10/02/15	3.99	3.99	33.18	33.69
11/02/15	-0.01	-0.01	33.17	33.82
12/02/15	-0.01	-0.01	33.17	33.77
13/02/15	-0.01	-0.01	33.19	33.72
14/02/15	0.00	0.00	33.17	33.67
15/02/15	0.00	0.00	33.18	33.62
16/02/15	2.38	2.38	33.24	33.57
17/02/15	-0.04	-0.04	33.28	33.63
18/02/15	-0.06	-0.06	33.24	33.59
19/02/15	-0.08	-0.08	33.23	33.54
20/02/15	0.30	0.30	33.29	33.49
21/02/15	1.88	1.88	33.41	33.46
22/02/15	6.86	6.23	33.38	33.5
23/02/15	3.04	2.79	33.47	33.73
24/02/15	20.02	18.10	34.22	33.79
25/02/15	6.00	5.62	34.87	34.48
26/02/15	2.58	2.58	34.51	34.6
27/02/15	-0.24	-0.24	34.32	34.59
28/02/15	4.94	4.94	34.04	34.47
01/03/15	4.13	3.87	33.96	34.57
02/03/15	34.71	31.71	35.36	34.62
03/03/15	9.89	7.02	35.49	35.73
04/03/15	6.67	2.27	34.99	35.81
05/03/15	-0.35	-0.35	34.64	35.71
06/03/15	0.63	0.50	34.4	35.52
07/03/15	-0.39	-0.39	34.26	35.37
08/03/15	-0.41	-0.41	34.24	35.21
09/03/15	-0.43	-0.43	34.17	35.06
10/03/15	-0.45	-0.45	34.1	34.91
11/03/15	13.53	11.66	34.33	34.78
12/03/15	0.51	0.38	34.31	35.13
13/03/15	-0.51	-0.51	34.16	35.02
14/03/15	-0.53	-0.53	34.04	34.88
15/03/15	-0.55	-0.55	33.99	34.75
16/03/15	-0.57	-0.57	33.97	34.63
17/03/15	-0.60	-0.60	34.02	34.51
18/03/15	-0.62	-0.62	33.97	34.4
19/03/15	-0.64	-0.64	33.85	34.3
20/03/15	-0.66	-0.66	33.78	34.2
21/03/15	-0.69	-0.69	33.73	34.11
22/03/15	8.29	7.06	33.76	34.02
23/03/15	-0.73	-0.73	33.7	34.26
24/03/15	-0.75	-0.75	33.65	34.16
25/03/15	-0.78	-0.78	33.6	34.07
26/03/15	1.20	0.92	33.55	33.97
27/03/15	11.18	9.52	33.69	33.96
28/03/15	-0.85	-0.85	33.58	34.3
29/03/15	6.13	5.16	33.55	34.19
30/03/15	25.11	21.49	35.01	34.33
31/03/15	14.09	11.99	35.63	35.1
01/04/15	22.06	18.84	37.07	35.42
02/04/15	24.04	20.53	37.6	35.98
03/04/15	-0.98	-0.98	37.38	36.55
04/04/15	-1.01	-1.01	36.34	36.28
05/04/15	-1.03	-1.03	35.86	36.04
06/04/15	3.95	3.24	35.57	35.81
07/04/15	-0.07	-0.22	35.32	35.77
08/04/15	-1.10	-1.10	35.17	35.59
09/04/15	-1.12	-1.12	35.21	35.4
10/04/15	-1.14	-1.14	35.25	35.22
11/04/15	-1.17	-1.17	35.09	35.05
12/04/15	-1.19	-1.19	34.9	34.9
13/04/15	-0.21	-0.35	34.78	34.75
14/04/15	-1.23	-1.23	34.68	34.64
15/04/15	-1.26	-1.26	34.58	34.51
16/04/15	-1.28	-1.28	34.49	34.38
17/04/15	17.70	14.94	34.44	34.26
18/04/15	2.68	2.09	34.54	34.81
19/04/15	-1.35	-1.35	34.32	34.8
20/04/15	-1.37	-1.37	34.22	34.64
21/04/15	-1.39	-1.39	34.03	34.5
22/04/15	-1.41	-1.41	34.07	34.36
23/04/15	3.56	2.83	34.04	34.24
24/04/15	-1.46	-1.46	33.99	34.29
25/04/15	-1.48	-1.48	33.94	34.17
26/04/15	-1.50	-1.50	33.88	34.05
27/04/15	-1.52	-1.52	33.87	33.93
28/04/15	5.45	4.41	33.78	33.81
29/04/15	-1.57	-1.57	33.73	33.95
30/04/15	0.41	0.11	33.69	33.83
01/05/15	-0.61	-0.76	33.66	33.79
02/05/15	12.36	10.26	33.8	33.7
03/05/15	1.34	0.89	33.74	34.09
04/05/15	-1.68	-1.68	33.66	34.07
05/05/15	-1.70	-1.70	33.61	33.94
06/05/15	14.27	11.85	33.31	33.82
07/05/15	-1.75	-1.75	32.29	34.26
08/05/15	-1.77	-1.77	30.1	34.11
09/05/15	7.21	5.83	29.99	33.97
10/05/15	-1.82	-1.82	30.03	34.16
11/05/15	-1.84	-1.84	31.62	34.01
12/05/15	-1.86	-1.86	33.13	33.88
13/05/15	-0.88	-1.04	32.69	33.75
14/05/15	26.09	21.78	33.28	33.66
15/05/15	-0.93	-1.08	33.89	34.51
16/05/15	-1.95	-1.95	33.61	34.37
17/05/15	-1.98	-1.98	33.54	34.2
18/05/15	-2.00	-2.00	33.51	34.05
19/05/15	-1.02	-1.18	33.46	33.9
20/05/15	12.95	10.61	33.46	33.79
21/05/15	9.93	8.05	33.76	34.19
22/05/15	5.90	4.65	34.07	34.44
23/05/15	33.88	28.88	36.56	34.53
24/05/15	4.85	3.75	37.37	35.55
25/05/15	-2.17	-2.17	35.81	35.53
26/05/15	13.80	11.28	35.44	35.28
27/05/15	-0.22	-0.54	36.02	35.56
28/05/15	-2.24	-2.24	35.5	35.38
29/05/15	-2.27	-2.27	35.14	35.14
30/05/15	1.71	1.07	34.86	34.92
31/05/15	-2.32	-2.32	34.68	34.85
01/06/15	-2.34	-2.34	34.54	34.65
02/06/15	-2.37	-2.37	34.39	34.46
03/06/15	-2.39	-2.39	34.26	34.28
04/06/15	-2.41	-2.41	34.2	34.12
05/06/15	-2.44	-2.44	33.96	33.96
06/06/15	-2.46	-2.46	32.43	33.8
07/06/15	-2.49	-2.49	33.82	33.64
08/06/15	2.49	1.68	32.89	33.47
09/06/15	1.46	0.81	33.68	33.48
10/06/15	-2.56	-2.56	33.89	33.46
11/06/15	-2.58	-2.58	33.56	33.38
12/06/15	-2.61	-2.61	32.35	33.31
13/06/15	6.37	4.89	33.25	33.23
14/06/15	-1.66	-1.82	32.7	33.3
15/06/15	3.32	2.33	33.67	33.24
16/06/15	-0.70	-1.03	33.65	33.26
17/06/15	-2.72	-2.72	33.59	33.22
18/06/15	1.26	0.60	33.54	33.14
19/06/15	6.24	4.75	33.73	33.12
20/06/15	5.22	3.89	33.85	33.19
21/06/15	-0.80	-1.13	33.68	33.25
22/06/15	3.18	2.18	33.56	33.2
23/06/15	7.17	5.49	33.82	33.22
24/06/15	-2.85	-2.85	33.69	33.3
25/06/15	-2.87	-2.87	33.56	33.22
26/06/15	-2.89	-2.89	33.5	33.14
27/06/15	2.09	1.25	33.5	33.06
28/06/15	7.07	5.38	33.63	33.06
29/06/15	-2.95	-2.95	33.51	33.14
30/06/15	-2.97	-2.97	33.43	33.06
01/07/15	-2.99	-2.99	33.38	32.97
02/07/15	-3.01	-3.01	33.32	32.89
03/07/15	-3.02	-3.02	33.01	32.8
04/07/15	-3.04	-3.04	31.91	32.71
05/07/15	-3.06	-3.06	31.86	32.63
06/07/15	-3.08	-3.08	30.1	32.54
07/07/15	-3.10	-3.10	32.01	32.45
08/07/15	10.88	8.53	31.68	32.36
09/07/15	1.86	1.02	31.12	32.52
10/07/15	-3.16	-3.16	32.74	32.52
11/07/15	-3.18	-3.18	32.91	32.43
12/07/15	-3.20	-3.20	32.87	32.33
13/07/15	-2.21	-2.38	32.84	32.24
14/07/15	5.77	4.27	32.94	32.17
15/07/15	-3.25	-3.25	32.82	32.24
16/07/15	-3.25	-3.25	32.57	32.14
17/07/15	-3.25	-3.25	33.21	32.05
18/07/15	5.75	4.27	31.77	31.95
19/07/15	15.75	12.63	31.76	32.02
20/07/15	-2.25	-2.42	31.23	32.28
21/07/15	-3.25	-3.25	31.91	32.2
22/07/15	-3.25	-3.25	31.83	32.11
23/07/15	3.75	2.61	31.89	32.01
24/07/15	-3.25	-3.25	30.9	32.05
25/07/15	21.75	17.69	31.84	31.95
26/07/15	-3.25	-3.25	31.19	32.32
27/07/15	4.75	3.45	31.33	32.22
28/07/15	-3.25	-3.25	30.69	32.28
29/07/15	5.75	4.30	30.74	32.18
30/07/15	-3.25	-3.25	30.78	32.25
31/07/15	-3.25	-3.25	30.89	32.16
01/08/15	-3.25	-3.25	31.11	32.07
02/08/15	1.75	0.95	29.78	31.97
03/08/15	-3.25	-3.25	29.11	31.97
04/08/15	-3.25	-3.25	30.81	31.87
05/08/15	-3.25	-3.25	31.78	31.78
06/08/15	-3.25	-3.25	32.13	31.68
07/08/15	-3.25	-3.25	32.04	31.58
08/08/15	0.75	0.12	31.2	31.48
09/08/15	-3.25	-3.25	30.79	31.46
10/08/15	-3.25	-3.25	31.7	31.36
11/08/15	-3.25	-3.25	31.78	31.26
12/08/15	-3.25	-3.25	31.84	31.16
13/08/15	-3.25	-3.25	31.77	31.05
14/08/15	-3.25	-3.25	31.67	30.95
15/08/15	-3.25	-3.25	31.12	30.84
16/08/15	-2.21	-2.37	31.13	30.72
17/08/15	19.83	16.27	30.6	30.63
18/08/15	-3.13	-3.13	29.19	31.06
19/08/15	0.91	0.29	30.49	30.95
20/08/15	-2.05	-2.21	30.65	30.94
21/08/15	-3.01	-3.01	31.06	30.86
22/08/15	-2.97	-2.97	30.72	30.76
23/08/15	-2.93	-2.93	30.23	30.65
24/08/15	-2.89	-2.89	30.89	30.55
25/08/15	-2.85	-2.85	30.54	30.44
26/08/15	-2.81	-2.81	30.73	30.32
27/08/15	-2.77	-2.77	30.23	30.2
28/08/15	-2.73	-2.73	30.41	30.06
29/08/15	-2.69	-2.69	30.13	29.98
30/08/15	-2.65	-2.65	29.79	29.96
31/08/15	-2.61	-2.61	29.53	29.95
01/09/15	-2.57	-2.57	31.24	29.93
02/09/15	11.47	9.37	31.31	29.91
03/09/15	27.51	23.03	30.66	29.93
04/09/15	3.55	2.66	31.97	30.22
05/09/15	13.59	11.21	31.31	30.26
06/09/15	0.63	0.19	29.09	30.51
07/09/15	0.67	0.23	29.31	30.47
08/09/15	0.71	0.27	30.08	30.43
09/09/15	-2.25	-2.25	30.09	30.39
10/09/15	-0.21	-0.50	30.97	30.3
11/09/15	-2.17	-2.17	30.54	30.26
12/09/15	-2.13	-2.13	30.73	30.18
13/09/15	-2.09	-2.09	29.77	30.09
14/09/15	1.95	1.37	29.48	30.01
15/09/15	-2.01	-2.01	30.87	30.03
16/09/15	-1.98	-1.98	30.66	29.95
17/09/15	-1.95	-1.95	30.73	29.88
18/09/15	-1.92	-1.92	30.59	29.87
19/09/15	4.11	3.24	29.86	29.85
20/09/15	6.14	4.99	30.32	29.85
21/09/15	-1.83	-1.83	29.26	29.86
22/09/15	-1.81	-1.81	30.36	29.84
23/09/15	7.22	5.94	30.95	29.83
24/09/15	5.25	4.26	30.69	29.84
25/09/15	-1.72	-1.72	31.12	29.84
26/09/15	-0.69	-0.83	29.81	29.83
27/09/15	-1.66	-1.66	29.78	29.82
28/09/15	-1.63	-1.63	29.58	29.8
29/09/15	-1.60	-1.60	31.47	29.79
30/09/15	-1.57	-1.57	30.83	29.78
01/10/15	-1.54	-1.54	30.95	29.77
02/10/15	-1.52	-1.52	31.23	29.75
03/10/15	-1.49	-1.49	31.32	29.74
04/10/15	-1.46	-1.46	31.26	29.73
05/10/15	-1.43	-1.43	31.09	29.71
06/10/15	-0.40	-0.54	30.76	29.7
07/10/15	9.63	8.11	30.57	29.69
08/10/15	13.66	11.59	31.16	29.7
09/10/15	-0.31	-0.45	31.71	29.72
10/10/15	-1.28	-1.28	30.8	29.71
11/10/15	8.75	7.38	30.59	29.7
12/10/15	-1.23	-1.23	31.04	29.93
13/10/15	-1.20	-1.20	30.35	29.88
14/10/15	2.83	2.29	30.84	29.82
15/10/15	-1.14	-1.14	30.79	29.86
16/10/15	11.87	10.11	30.51	29.8
17/10/15	-1.13	-1.13	31.05	30.05
18/10/15	-1.12	-1.12	29.91	29.99
19/10/15	20.89	17.94	31.06	29.93
20/10/15	10.90	9.29	32.11	30.35
21/10/15	1.90	1.50	31.63	30.5
22/10/15	-1.09	-1.09	32.35	30.46
23/10/15	7.92	6.72	30.97	30.36
24/10/15	-1.08	-1.08	31.55	30.46
25/10/15	-1.07	-1.07	30.98	30.36
26/10/15	-1.06	-1.06	31.11	30.27
27/10/15	-1.06	-1.06	31	30.19
28/10/15	-1.05	-1.05	29.93	30.12
29/10/15	-1.04	-1.04	31.11	30.06
30/10/15	-1.04	-1.04	30.98	30
31/10/15	-1.03	-1.03	31	29.95
01/11/15	-1.02	-1.02	29.84	29.9
02/11/15	-1.02	-1.02	30.95	29.84
03/11/15	-1.01	-1.01	30.32	29.79
04/11/15	-1.00	-1.00	30.91	29.74
05/11/15	0.00	-0.13	30.24	29.69
06/11/15	-0.99	-0.99	30.49	29.67
07/11/15	1.02	0.76	30.8	29.61
08/11/15	-0.98	-0.98	29.77	29.62
09/11/15	3.03	2.52	30.25	29.58
10/11/15	-0.96	-0.96	30.64	29.58
11/11/15	-0.96	-0.96	30.29	29.57
12/11/15	-0.95	-0.95	30.67	29.56
13/11/15	-0.94	-0.94	30.73	29.55
14/11/15	3.06	2.56	30.6	29.54
15/11/15	1.07	0.82	29.85	29.54
16/11/15	-0.91	-0.91	30.73	29.53
17/11/15	0.11	-0.01	30.13	29.52
18/11/15	0.13	0.01	30.73	29.52
19/11/15	-0.85	-0.85	29.77	29.51
20/11/15	15.17	13.19	30.53	29.5
21/11/15	9.19	7.96	30.64	29.52
22/11/15	-0.79	-0.79	30.61	29.91
23/11/15	-0.77	-0.77	29.57	29.86
24/11/15	-0.75	-0.75	30.41	29.81
25/11/15	-0.73	-0.73	30.35	29.77
26/11/15	-0.71	-0.71	30.45	29.73
27/11/15	-0.69	-0.69	30.46	29.68
28/11/15	3.73	3.25	30.47	29.64
29/11/15	17.16	16.31	31.13	29.71
30/11/15	28.18	23.32	33.68	31.64
01/12/15	8.40	7.32	32.47	32.56
02/12/15	0.42	0.30	33.02	32.75
03/12/15	-0.56	-0.56	32.23	32.64
04/12/15	-0.54	-0.54	32.6	32.5
05/12/15	-0.52	-0.52	32.49	32.38
06/12/15	-0.50	-0.50	29.9	32.26
07/12/15	-0.48	-0.48	31.68	32.16
08/12/15	-0.46	-0.46	30.67	32.06
09/12/15	10.56	9.27	30.74	31.98
10/12/15	-0.42	-0.42	31.44	32.31
11/12/15	-0.40	-0.40	30.63	32.21
12/12/15	5.62	4.92	30.84	32.12
13/12/15	-0.36	-0.36	30.32	32.27
14/12/15	-0.34	-0.34	30.41	32.18
15/12/15	0.68	0.56	29.77	32.1
16/12/15	-0.31	-0.31	31.02	32.06
17/12/15	2.70	2.36	31.25	31.99
18/12/15	-0.29	-0.29	30.43	32.04
19/12/15	-0.28	-0.28	30.88	31.97
20/12/15	-0.27	-0.27	29.19	31.91
21/12/15	-0.26	-0.26	28.74	31.85
22/12/15	-0.25	-0.25	30.01	31.8
23/12/15	-0.24	-0.24	30.22	31.75
24/12/15	-0.23	-0.23	29.99	31.69
25/12/15	-0.22	-0.22	29.91	31.65
26/12/15	-0.21	-0.21	30.61	31.6
27/12/15	-0.20	-0.20	29.42	31.55
28/12/15	-0.19	-0.19	30.53	31.5
29/12/15	-0.18	-0.18	30.49	31.45
30/12/15	-0.17	-0.17	30.86	31.41
31/12/15	-0.15	-0.15	30.29	31.36
01/01/16	-0.14	-0.14	30.1	31.32
02/01/16	-0.13	-0.13	28.9	31.28
03/01/16	-0.12	-0.12	30.38	31.23
04/01/16	-0.11	-0.11	29.4	31.19
05/01/16	-0.10	-0.10	30.42	31.15
06/01/16	-0.09	-0.09	30.39	31.1
07/01/16	-0.08	-0.08	29.27	31.08
08/01/16	7.93	7.04	29.5	31.05
09/01/16	0.94	0.83	30.25	31.19
10/01/16	-0.05	-0.05	29.86	31.18
11/01/16	8.96	7.94	30.83	31.16
12/01/16	1.97	1.74	28.97	31.63
13/01/16	1.98	1.75	29.14	31.66
14/01/16	-0.01	-0.01	30.31	31.7
15/01/16	2.00	1.77	30.63	31.65
16/01/16	-0.02	-0.02	30.12	31.69
17/01/16	-0.04	-0.04	30.52	31.64
18/01/16	-0.06	-0.06	30.5	31.6
19/01/16	-0.08	-0.08	30.37	31.55
20/01/16	-0.10	-0.10	30.27	31.51
21/01/16	-0.12	-0.12	30.23	31.46
22/01/16	-0.14	-0.14	30.2	31.42
23/01/16	-0.16	-0.16	30.01	31.38
24/01/16	5.02	5.02	29.65	31.33
25/01/16	12.20	11.03	31.08	31.52
26/01/16	4.99	4.56	32.87	31.96
27/01/16	0.97	-0.23	32.28	32.09
28/01/16	-0.25	-0.25	31.66	32.01
29/01/16	3.73	3.25	32.19	31.94
30/01/16	-0.29	-0.29	32.16	32.02
31/01/16	20.69	18.17	32.26	31.94
01/02/16	20.67	18.15	36.54	32.65
02/02/16	-0.35	-0.35	34.86	33.28
03/02/16	8.63	7.54	33.9	33.14
04/02/16	1.61	1.37	33.76	33.32
05/02/16	-0.41	-0.41	33.54	33.25
06/02/16	-0.43	-0.43	33.38	33.11
07/02/16	-0.45	-0.45	33.25	32.98
08/02/16	-0.47	-0.47	33.08	32.87
09/02/16	2.51	2.14	32.97	32.76
10/02/16	10.49	9.14	33.22	32.77
11/02/16	0.47	0.35	33.17	33.07
12/02/16	-0.55	-0.55	33	32.99
13/02/16	-0.57	-0.57	32.73	32.87
14/02/16	-0.59	-0.59	32.59	32.77
15/02/16	1.40	1.15	32.51	32.67
16/02/16	0.40	0.27	32.51	32.66
17/02/16	-0.60	-0.60	32.48	32.6
18/02/16	-0.60	-0.60	32.48	32.52
19/02/16	2.40	2.03	32.41	32.44
20/02/16	13.41	11.63	32.34	32.48
21/02/16	7.41	6.39	34.61	32.91
22/02/16	-0.59	-0.59	34.03	33.09
23/02/16	2.41	2.03	33.48	32.98
24/02/16	0.41	0.29	33.22	32.98
25/02/16	-0.58	-0.58	33.08	32.91
26/02/16	-0.58	-0.58	32.78	32.81
27/02/16	-0.58	-0.58	32.58	32.71
28/02/16	-0.58	-0.58	32.55	32.63
29/02/16	-0.57	-0.57	32.52	32.55
01/03/16	0.43	0.30	32.15	32.48
02/03/16	4.43	3.78	32.08	32.44
03/03/16	2.43	2.04	32.22	32.56
04/03/16	-0.57	-0.57	32.29	32.6
05/03/16	-0.56	-0.56	32.26	32.52
06/03/16	-0.56	-0.56	32.28	32.45
07/03/16	3.44	2.91	32.25	32.38
08/03/16	-0.56	-0.56	32.12	32.46
09/03/16	-0.55	-0.55	32.07	32.39
10/03/16	-0.55	-0.55	32.25	32.33
11/03/16	0.45	0.32	31.99	32.26
12/03/16	0.45	0.32	32.04	32.24
13/03/16	3.45	2.92	32.09	32.21
14/03/16	-0.54	-0.54	32.29	32.3
15/03/16	-0.54	-0.54	32.21	32.23
16/03/16	-0.57	-0.57	32.25	32.17
17/03/16	3.81	3.81	30.2	32.1
18/03/16	6.98	5.37	31.2	32.23
19/03/16	-0.65	-0.65	32.27	32.42
20/03/16	-0.67	-0.67	32.28	32.34
21/03/16	-0.70	-0.70	32.16	32.27
22/03/16	-0.73	-0.73	32.16	32.2
23/03/16	0.25	0.11	28.41	32.13
24/03/16	3.22	2.67	31.72	32.09
25/03/16	2.20	1.78	25.52	32.17
26/03/16	7.17	6.07	31.94	32.21
27/03/16	-0.86	-0.86	33.52	32.42
28/03/16	-0.88	-0.88	33.39	32.34
29/03/16	1.09	0.81	33.31	32.25
30/03/16	-0.94	-0.94	31.4	32.24
31/03/16	-0.96	-0.96	30.01	32.16
01/04/16	-0.99	-0.99	32.07	32.08
02/04/16	-1.01	-1.01	31.59	32
03/04/16	-1.04	-1.04	31.78	31.91
04/04/16	-1.07	-1.07	31.71	31.82
05/04/16	-1.09	-1.09	30.24	31.74
06/04/16	-1.12	-1.12	31.12	31.64
07/04/16	5.85	4.86	30.78	31.58
08/04/16	12.83	10.84	31.86	31.66
09/04/16	0.80	0.52	32.12	32.2
10/04/16	-1.22	-1.22	32.44	32.17
11/04/16	-1.25	-1.25	32.35	32.08
12/04/16	-1.28	-1.28	32.18	31.98
13/04/16	4.70	3.83	31.11	31.88
14/04/16	0.67	0.38	31.47	32.02
15/04/16	-1.36	-1.36	31.17	31.99
16/04/16	-1.37	-1.37	31.27	31.89
17/04/16	1.61	1.17	31.37	31.79
18/04/16	3.59	2.86	29.77	31.8
19/04/16	-1.43	-1.43	30.68	31.89
20/04/16	-1.45	-1.45	31.1	31.79
21/04/16	-1.47	-1.47	31.86	31.69
22/04/16	-1.49	-1.49	31.39	31.58
23/04/16	-1.51	-1.51	31.28	31.47
24/04/16	7.47	6.14	31.42	31.4
25/04/16	2.45	1.86	30.54	31.51
26/04/16	1.43	0.99	31.06	31.52
27/04/16	5.41	4.37	31.08	31.52
28/04/16	-1.61	-1.61	31.62	31.84
29/04/16	-1.63	-1.63	30.78	31.72
30/04/16	-1.64	-1.64	31.08	31.61
01/05/16	2.34	1.74	31.45	31.5
02/05/16	5.32	4.26	30.5	31.54
03/05/16	10.30	8.49	31.47	31.7
04/05/16	29.28	24.60	36.38	32.03
05/05/16	-0.74	-0.89	35.72	33
06/05/16	-1.76	-1.76	34.42	32.85
07/05/16	-1.78	-1.78	33.85	32.69
08/05/16	-1.80	-1.80	33.34	32.53
09/05/16	-1.82	-1.82	32.95	32.38
10/05/16	-1.84	-1.84	33.26	32.25
11/05/16	-1.86	-1.86	32.25	32.12
12/05/16	9.12	7.44	32.14	31.99
13/05/16	29.11	24.34	33.75	32.27
14/05/16	14.09	11.62	36.05	33.21
15/05/16	0.07	-0.24	35.05	33.55
16/05/16	0.04	-0.27	34.42	33.4
17/05/16	-1.99	-1.99	34.16	33.27
18/05/16	-2.01	-2.01	33.98	33.08
19/05/16	-1.04	-1.19	33.82	32.9
20/05/16	-1.06	-1.22	33.74	32.77
21/05/16	-2.09	-2.09	33.6	32.64
22/05/16	-2.12	-2.12	33.55	32.49
23/05/16	6.86	5.44	33.29	32.35
24/05/16	1.83	1.20	33.14	32.53
25/05/16	-0.20	-0.51	33.3	32.53
26/05/16	-2.22	-2.22	32.95	32.45
27/05/16	-0.25	-0.56	33.03	32.3
28/05/16	1.73	1.09	32.92	32.24
29/05/16	-0.30	-0.62	32.87	32.25
30/05/16	-0.33	-0.65	32.8	32.18
31/05/16	4.65	3.53	33.01	32.11
01/06/16	3.62	2.66	32.95	32.22
02/06/16	12.59	10.19	33.85	32.3
03/06/16	-2.43	-2.43	33.78	32.68
04/06/16	-2.46	-2.46	33.52	32.51
05/06/16	-1.48	-1.65	33.33	32.35
06/06/16	2.49	1.68	33.22	32.23
07/06/16	-2.54	-2.54	33.09	32.26
08/06/16	-2.56	-2.56	33.04	32.11
09/06/16	-1.59	-1.75	32.97	31.96
10/06/16	1.39	0.73	32.91	31.84
11/06/16	-2.64	-2.64	32.84	31.83
12/06/16	-0.67	-0.99	32.78	31.67
13/06/16	-0.69	-1.02	32.79	31.62
14/06/16	-0.72	-1.05	32.72	31.58
15/06/16	0.25	-0.24	32.66	31.53
16/06/16	-1.75	-1.92	32.58	31.5
17/06/16	-2.76	-2.76	32.5	31.44
18/06/16	-0.77	-1.10	32.45	31.36
19/06/16	-1.78	-1.94	32.42	31.31
20/06/16	37.21	32.21	33.29	31.25
21/06/16	-2.79	-2.79	33.24	32.33
22/06/16	-2.80	-2.80	32.75	32.16
23/06/16	-2.81	-2.81	32.44	31.99
24/06/16	-2.82	-2.82	31.25	31.82
25/06/16	-2.83	-2.83	31.35	31.66
26/06/16	1.17	0.49	32.07	31.49
27/06/16	17.16	13.78	31.17	31.47
28/06/16	-2.85	-2.85	31	32.06
29/06/16	-2.86	-2.86	31.1	31.89
30/06/16	-0.87	-1.21	31.49	31.73
01/07/16	-2.88	-2.88	31.31	31.63
02/07/16	21.12	17.04	31.12	31.45
03/07/16	5.11	3.75	33.19	32.18
04/07/16	-2.90	-2.90	32.92	32.29
05/07/16	-2.91	-2.91	33.32	32.1
06/07/16	-1.92	-2.08	33.11	31.93
07/07/16	-2.92	-2.92	32.99	31.8
08/07/16	-2.93	-2.93	32.92	31.63
09/07/16	-0.94	-1.28	32.84	31.45
10/07/16	-2.95	-2.95	32.8	31.37
11/07/16	2.04	1.21	32.52	31.28
12/07/16	29.04	24.04	31.92	31.29
13/07/16	31.03	26.03	30.17	32.25
14/07/16	21.02	17.04	32.59	33.24
15/07/16	-0.99	-1.32	35.39	33.78
16/07/16	-2.98	-2.98	34.7	33.57
17/07/16	4.03	2.87	34.26	33.31
18/07/16	3.04	2.05	34.5	33.3
19/07/16	-2.95	-2.95	33.54	33.26
20/07/16	-2.95	-2.95	33.07	33.03
21/07/16	-2.94	-2.94	33.21	32.81
22/07/16	25.07	20.50	32.38	32.61
23/07/16	-2.92	-2.92	34.18	33.37
24/07/16	-2.91	-2.91	34.09	33.14
25/07/16	3.10	2.12	33.48	32.92
26/07/16	-1.89	-2.06	33.21	32.92
27/07/16	48.11	43.11	32.16	32.76
28/07/16	-2.88	-2.88	35.87	34.37
29/07/16	-2.87	-2.87	35.2	34.08
30/07/16	-2.86	-2.86	34.7	33.81
31/07/16	13.15	10.58	34.55	33.56
01/08/16	-2.84	-2.84	34.58	33.85
02/08/16	-0.83	-1.15	34.27	33.6
03/08/16	0.18	-0.30	33.85	33.44
04/08/16	-2.82	-2.82	33.98	33.32
05/08/16	15.19	12.34	32.63	33.1
06/08/16	2.20	1.41	30.75	33.51
07/08/16	-2.79	-2.79	30.58	33.46
08/08/16	-2.78	-2.78	30.41	33.24
09/08/16	13.23	10.71	30.3	33.04
10/08/16	33.24	28.24	33.14	33.39
11/08/16	-2.76	-2.76	35.96	34.38
12/08/16	3.25	2.31	35.09	34.11
13/08/16	5.26	4.01	35.38	34.05
14/08/16	-2.73	-2.73	35.02	34.06
15/08/16	-2.72	-2.72	34.77	33.81
16/08/16	-2.71	-2.71	34.59	33.58
17/08/16	-2.70	-2.70	33.9	33.36
18/08/16	3.31	2.38	32.79	33.16
19/08/16	-2.68	-2.68	34.1	33.18
20/08/16	-2.68	-2.68	34	32.99
21/08/16	23.33	19.34	34.28	32.82
22/08/16	-2.66	-2.66	34.06	33.55
23/08/16	-2.65	-2.65	33.91	33.33
24/08/16	-2.64	-2.64	33.83	33.13
25/08/16	-2.63	-2.63	33.76	32.95
26/08/16	-2.62	-2.62	33.31	32.77
27/08/16	-2.61	-2.61	33.1	32.61
28/08/16	-2.60	-2.60	30.65	32.44
29/08/16	43.41	38.41	31.25	32.28
30/08/16	-2.58	-2.58	30.97	33.82
31/08/16	-2.58	-2.58	30.49	33.59
01/09/16	-2.57	-2.57	33.85	33.37
02/09/16	-2.56	-2.56	33.77	33.17
03/09/16	-2.55	-2.55	33.66	32.98
04/09/16	-2.54	-2.54	33.56	32.81
05/09/16	23.47	19.60	33.7	32.64
06/09/16	27.48	23.03	35.64	33.4
07/09/16	-2.51	-2.51	35.88	34.19
08/09/16	-2.50	-2.50	34.41	33.94
09/09/16	-2.49	-2.49	34.21	33.71
10/09/16	-2.48	-2.48	32.57	33.49
11/09/16	-2.48	-2.48	30.51	33.29
12/09/16	-2.47	-2.47	29.76	33.1
13/09/16	-2.46	-2.46	32.23	32.92
14/09/16	-2.45	-2.45	31.76	32.76
15/09/16	-2.44	-2.44	32.18	32.6
16/09/16	-1.40	-1.54	32.89	32.44
17/09/16	8.65	7.06	31.84	32.33
18/09/16	3.69	2.82	33.65	32.59
19/09/16	37.73	32.73	34.11	32.67
20/09/16	28.78	24.32	38.61	33.93
21/09/16	-2.18	-2.18	36.08	34.71
22/09/16	-2.14	-2.14	34.92	34.44
23/09/16	-2.09	-2.09	34.14	34.19
24/09/16	-2.05	-2.05	34.24	33.96
25/09/16	-2.01	-2.01	34.42	33.75
26/09/16	-1.97	-1.97	34.31	33.55
27/09/16	-1.92	-1.92	34.2	33.37
28/09/16	-1.88	-1.88	33.62	33.2
29/09/16	-1.84	-1.84	32.47	33.05
30/09/16	-1.79	-1.79	30.74	32.9
01/10/16	-1.75	-1.75	32.41	32.77
02/10/16	5.29	4.32	32.51	32.64
03/10/16	8.34	6.94	33.78	32.78
04/10/16	36.38	31.38	35.53	33.01
05/10/16	1.42	1.01	35.8	34.18
06/10/16	12.47	10.53	35.47	34.07
07/10/16	6.51	5.40	36.26	34.33
08/10/16	4.55	3.72	35.76	34.38
09/10/16	0.59	0.32	35.5	34.36
10/10/16	0.64	0.36	35.23	34.22
11/10/16	7.68	6.45	35.64	34.08
12/10/16	10.72	9.09	36.55	34.2
13/10/16	-1.23	-1.23	36.33	34.4
14/10/16	-1.19	-1.19	35.84	34.2
15/10/16	-1.15	-1.15	35.53	34.02
16/10/16	-1.12	-1.12	35.29	33.85
17/10/16	-1.10	-1.10	35.14	33.69
18/10/16	4.92	4.12	35.08	33.54
19/10/16	10.95	9.34	35.09	33.62
20/10/16	7.97	6.76	36.35	33.89
21/10/16	-0.01	-0.14	36.05	34.04
22/10/16	-0.98	-0.98	35.65	33.9
23/10/16	-0.96	-0.96	35.41	33.75
24/10/16	-0.94	-0.94	35.24	33.6
25/10/16	3.08	2.56	35.1	33.47
26/10/16	1.11	0.84	35.09	33.49
27/10/16	-0.87	-0.87	35.01	33.43
28/10/16	-0.85	-0.85	34.93	33.31
29/10/16	3.18	2.65	34.91	33.2
30/10/16	-0.80	-0.80	36.31	33.24
31/10/16	-0.78	-0.78	34.8	33.14
01/11/16	-0.75	-0.75	34.78	33.04
02/11/16	6.27	5.36	34.83	32.95
03/11/16	-0.71	-0.71	34.92	33.11
04/11/16	-0.68	-0.68	34.81	33.02
05/11/16	0.34	0.21	34.79	32.93
06/11/16	21.36	18.54	35.32	32.88
07/11/16	1.39	1.13	35.84	33.58
08/11/16	-0.59	-0.59	35.49	33.52
09/11/16	-0.57	-0.57	35.2	33.4
10/11/16	12.86	11.68	35.12	33.29
11/11/16	5.08	3.85	35.1	33.67
12/11/16	-0.50	-0.50	35.69	33.71
13/11/16	-0.47	-0.47	35.66	33.58
14/11/16	-0.45	-0.45	35.42	33.46
15/11/16	-0.43	-0.43	35.28	33.35
16/11/16	19.59	18.09	36.2	33.24
17/11/16	4.60	2.98	36.53	33.89
18/11/16	-0.39	-0.39	36.17	33.88
19/11/16	-0.37	-0.37	35.87	33.74
20/11/16	-0.36	-0.36	35.65	33.61
21/11/16	-0.34	-0.34	35.5	33.5
22/11/16	-0.33	-0.33	35.38	33.39
23/11/16	-0.31	-0.31	35.27	33.29
24/11/16	-0.30	-0.30	35.16	33.2
25/11/16	-0.29	-0.29	35.1	33.11
26/11/16	-0.27	-0.27	35.02	33.03
27/11/16	2.74	2.38	34.99	32.96
28/11/16	-0.24	-0.24	34.91	33
29/11/16	-0.23	-0.23	34.83	32.93
30/11/16	-0.21	-0.21	34.77	32.86
01/12/16	-0.20	-0.20	34.76	32.8
02/12/16	10.81	9.50	34.77	32.74
03/12/16	-0.17	-0.17	34.73	33.09
04/12/16	-0.16	-0.16	34.63	33.01
05/12/16	-0.14	-0.14	34.56	32.94
06/12/16	-0.13	-0.13	34.53	32.87
07/12/16	-0.11	-0.11	34.49	32.81
08/12/16	-0.10	-0.10	34.44	32.75
09/12/16	-0.09	-0.09	34.41	32.69
10/12/16	-0.07	-0.07	34.4	32.64
11/12/16	2.94	2.59	34.42	32.59
12/12/16	12.96	11.44	34.94	32.66
13/12/16	0.97	0.86	35.41	33.08
14/12/16	0.99	0.87	35.01	33.04
15/12/16	0.00	0.00	34.77	33
16/12/16	0.00	0.00	34.64	32.93
17/12/16	0.00	0.00	34.53	32.86
18/12/16	0.00	0.00	34.51	32.8
19/12/16	0.00	0.00	34.44	32.75
20/12/16	0.00	0.00	34.38	32.69
21/12/16	0.00	0.00	34.25	32.64
22/12/16	0.00	0.00	34.16	32.59
23/12/16	0.00	0.00	34.11	32.55
24/12/16	4.80	4.35	34.11	32.5
25/12/16	10.20	8.96	34.5	32.65
26/12/16	9.00	7.99	34.54	32.97
27/12/16	0.00	0.00	35.36	33.22
28/12/16	12.00	10.66	35.54	33.13
29/12/16	0.00	0.00	36.12	33.47
30/12/16	0.00	0.00	35.36	33.36
31/12/16	0.00	0.00	34.99	33.26
01/01/17	0.00	0.00	34.83	
02/01/17	0.00	0.00	34.71	
03/01/17	0.00	0.00	34.58	
04/01/17	35.00	31.67	34.58	
05/01/17	0.00	0.00	34.49	
06/01/17	0.00	0.00	34.31	
07/01/17	0.00	0.00	34.27	
08/01/17	0.00	0.00	34.28	
09/01/17	0.00	0.00	34.20	
10/01/17	0.00	0.00	34.20	
11/01/17	0.00	0.00	34.18	
12/01/17	13.22	12.99	34.24	
13/01/17	29.50	26.89	34.32	
14/01/17	3.91	3.79	34.26	
15/01/17	0.00	0.00	34.20	
16/01/17	-0.01	-0.01	34.17	
17/01/17	-0.02	-0.02	34.10	
18/01/17	-0.03	-0.03	34.06	
19/01/17	-0.04	-0.04	34.04	
20/01/17	-0.05	-0.05	34.02	
21/01/17	-0.06	-0.06	33.98	
22/01/17	-0.07	-0.07	33.96	
23/01/17	-0.08	-0.08	33.95	
24/01/17	-0.09	-0.09	33.89	
25/01/17	-0.10	-0.10	33.85	
26/01/17	-0.11	-0.11	33.83	
27/01/17	-0.12	-0.12	33.78	
28/01/17	-0.13	-0.13	33.75	
29/01/17	-0.14	-0.14	33.70	
30/01/17	-0.16	-0.16	33.72	
31/01/17	-0.17	-0.17	33.76	
01/02/17	-0.18	-0.18	33.83	
02/02/17	1.24	1.12	33.82	
03/02/17	2.64	2.40	33.95	
04/02/17	7.87	7.75	34.16	
05/02/17	12.38	12.14	34.50	
06/02/17	8.04	8.04	34.51	
07/02/17	11.76	11.40	34.71	
08/02/17	2.55	2.43	34.66	
09/02/17	-0.26	-0.26	34.51	
10/02/17	-0.27	-0.27	34.43	
11/02/17	0.93	0.81	34.35	
12/02/17	5.52	5.27	34.26	
13/02/17	3.37	3.37	34.20	
14/02/17	-0.31	-0.31	34.19	
15/02/17	-0.32	-0.32	34.17	
16/02/17	1.20	1.08	34.20	
17/02/17	6.31	6.18	34.29	
18/02/17	14.29	14.17	34.55	
19/02/17	6.99	6.99	34.63	
20/02/17	15.32	15.20	34.64	
21/02/17	33.89	33.77	37.00	
22/02/17	37.46	37.46	39.28	
23/02/17	44.18	44.18	37.49	
24/02/17	30.73	30.61	36.63	
25/02/17	12.23	11.97	35.97	
26/02/17	17.09	16.83	35.65	
27/02/17	17.94	17.81	35.43	
28/02/17	17.52	17.39	35.31	
01/03/17	23.64	23.51	35.21	
02/03/17	24.95	24.82	35.43	
03/03/17	28.36	28.23	35.34	
04/03/17	39.41	39.28	35.22	
05/03/17	30.47	30.47	35.05	
06/03/17	23.77	18.68	34.97	
07/03/17	19.89	0.93	34.91	
08/03/17	23.57	0.03	34.80	
09/03/17	13.22	0.01	35.05	
10/03/17	12.12	10.39	36.10	
11/03/17	11.09	9.49	36.17	
12/03/17	14.07	12.07	35.75	
13/03/17	12.04	10.30	35.41	
14/03/17	10.02	8.54	35.17	
15/03/17	8.00	6.79	35.03	
16/03/17	6.99	5.91	34.97	
17/03/17	10.98	9.36	34.92	
18/03/17	2.97	2.43	36.25	
19/03/17	-0.04	-0.18	40.51	
20/03/17	-1.05	-1.05	38.41	
21/03/17	-0.06	-0.19	37.34	
22/03/17	-0.07	-0.20	36.87	
23/03/17	-0.08	-0.21	36.57	
24/03/17	-0.09	-0.22	36.34	
25/03/17	-0.09	-0.23	36.15	
26/03/17	-0.10	-0.24	36.02	
27/03/17	-0.11	-0.25	35.88	
28/03/17	-0.12	-0.26	35.76	
29/03/17	-0.13	-0.27	35.67	
30/03/17	-0.14	-0.28	35.56	
31/03/17	-1.15	-1.15	35.53	
01/04/17	-1.16	-1.16	35.45	
02/04/17	-1.17	-1.17	35.36	
03/04/17	-0.18	-0.32	35.25	
04/04/17	-1.18	-1.18	35.59	
05/04/17	-1.19	-1.19	35.34	
06/04/17	-0.20	-0.34	35.24	
07/04/17	6.79	5.65	35.19	
08/04/17	10.78	9.07	35.17	
09/04/17	9.77	8.20	35.09	
10/04/17	7.76	6.47	35.05	
11/04/17	-0.25	-0.39	34.98	
12/04/17	15.74	13.30	34.91	
13/04/17	15.73	13.29	34.92	
14/04/17	11.73	9.85	34.88	
15/04/17	9.72	8.13	34.78	
16/04/17	11.68	9.79	35.46	
17/04/17	14.64	12.32	35.52	
18/04/17	14.61	12.27	36.38	
19/04/17	22.57	19.06	36.42	
20/04/17	19.53	16.46	35.87	
21/04/17	8.49	7.03	35.94	
22/04/17	4.46	3.57	36.34	
23/04/17	4.42	3.54	38.38	
24/04/17	2.38	1.79	37.57	
25/04/17	0.35	0.05	37.11	
26/04/17	0.31	0.01	36.69	
27/04/17	1.27	0.82	36.44	
28/04/17	5.23	4.19	36.62	
29/04/17	4.20	3.30	36.74	
30/04/17	1.16	0.71	36.56	
01/05/17	1.12	0.67	36.39	
02/05/17	0.08	-0.22	36.16	
03/05/17	-0.95	-1.10	35.98	
04/05/17	0.01	-0.29	35.89	
05/05/17	-0.03	-0.33	35.81	
06/05/17	-0.06	-0.37	35.73	
07/05/17	-1.10	-1.25	35.63	
08/05/17	-2.14	-2.14	35.97	
09/05/17	-1.18	-1.33	39.73	
10/05/17	-2.21	-2.21	38.07	
11/05/17	-1.25	-1.40	37.27	
12/05/17	-2.29	-2.29	36.90	
13/05/17	-2.32	-2.32	36.69	
14/05/17	-2.36	-2.36	36.49	
15/05/17	-2.40	-2.40	36.48	
16/05/17	-1.43	-1.59	36.30	
17/05/17	-2.47	-2.47	36.19	
18/05/17	-2.50	-2.50	36.10	
19/05/17	-2.54	-2.54	36.00	
20/05/17	-2.57	-2.57	35.84	
21/05/17	-2.61	-2.61	35.79	
22/05/17	-1.64	-1.80	35.66	
23/05/17	-2.68	-2.68	35.61	
24/05/17	83.29	78.29	35.57	
25/05/17	-1.75	-1.91	35.58	
26/05/17	-2.78	-2.78	35.44	
27/05/17	-2.82	-2.82	35.32	
28/05/17	-2.85	-2.85	35.28	
29/05/17	-2.89	-2.89	35.22	
30/05/17	-2.92	-2.92	35.15	
31/05/17	0.04	-0.44	35.08	
01/06/17	-2.99	-2.99	34.99	
02/06/17	-3.03	-3.03	34.93	
03/06/17	-3.06	-3.06	34.85	
04/06/17	-2.10	-2.26	34.79	
05/06/17	-3.13	-3.13	34.75	
06/06/17	1.83	1.02	34.71	
07/06/17	-1.20	-1.53	34.63	
08/06/17	-3.24	-3.24	34.58	
09/06/17	-3.27	-3.27	34.55	
10/06/17	8.69	6.74	34.61	
11/06/17	-3.34	-3.34	34.49	
12/06/17	-3.38	-3.38	34.42	
13/06/17	-3.41	-3.41	34.33	
14/06/17	-3.45	-3.45	34.26	
15/06/17	-3.48	-3.48	34.21	
16/06/17	21.53	17.40	34.46	
17/06/17	-3.47	-3.47	34.20	
18/06/17	-3.46	-3.46	34.09	
19/06/17	-3.45	-3.45	33.98	
20/06/17	-3.45	-3.45	33.92	
21/06/17	-3.44	-3.44	33.84	
22/06/17	-3.43	-3.43	33.83	
23/06/17	20.57	16.56	34.04	
24/06/17	-3.42	-3.42	33.82	
25/06/17	6.59	4.91	33.70	
26/06/17	-3.41	-3.41	33.66	
27/06/17	-2.40	-2.57	33.53	
28/06/17	-3.39	-3.39	33.47	
29/06/17	-2.39	-2.56	33.40	
30/06/17	-1.38	-1.72	33.33	
01/07/17	-3.37	-3.37	33.28	
02/07/17	3.63	2.45	33.25	
03/07/17	3.64	2.46	33.29	
04/07/17	-3.35	-3.35	33.21	
05/07/17	-3.35	-3.35	33.15	
06/07/17	-3.34	-3.34	33.18	
07/07/17	-3.33	-3.33		
08/07/17	-0.32	-0.83	31.06	
09/07/17	14.68	11.67	28.84	
10/07/17	5.69	4.18	32.06	
11/07/17	3.70	2.53	31.55	
12/07/17	9.70	7.54	31.92	
13/07/17	-3.29	-3.29	31.98	
14/07/17	-3.28	-3.28	31.83	
15/07/17	5.72	4.23	31.74	
16/07/17	-3.28	-3.28	31.74	
17/07/17	-3.28	-3.28	31.67	
18/07/17	-3.27	-3.27	31.39	
19/07/17	-3.27	-3.27	32.16	
20/07/17	19.73	15.96	31.98	
21/07/17	-3.27	-3.27	32.39	
22/07/17	-3.27	-3.27	31.87	
23/07/17	2.73	1.75	30.05	
24/07/17	12.73	10.13	29.27	
25/07/17	-3.27	-3.27	29.39	
26/07/17	25.73	21.04	31.52	
27/07/17	12.73	10.15	35.06	
28/07/17	-2.27	-2.43	33.13	
29/07/17	-3.26	-3.26	33.28	
30/07/17	-3.26	-3.26	33.03	
31/07/17	-3.26	-3.26	32.93	
01/08/17	-3.26	-3.26	31.15	
02/08/17	-3.26	-3.26	30.00	
03/08/17	-3.26	-3.26	31.94	
04/08/17	11.74	9.36	31.39	
05/08/17	-0.26	-0.73	30.44	
06/08/17	38.74	33.74	28.95	
07/08/17	-1.26	-1.57	30.34	
08/08/17	-3.26	-3.26	32.37	
09/08/17	-3.25	-3.25	31.79	
10/08/17	11.75	9.39	31.91	
11/08/17	7.75	6.02	32.37	
12/08/17	-2.25	-2.41	33.90	
13/08/17	-2.25	-2.41	33.55	
14/08/17	-3.25	-3.25	33.37	
15/08/17	-3.25	-3.25	33.25	
16/08/17	-3.21	-3.21	33.18	
17/08/17	-3.17	-3.17	33.19	
18/08/17	-3.13	-3.13	33.01	
19/08/17	26.91	22.28	30.76	
20/08/17	5.95	4.56	30.39	
21/08/17	-3.01	-3.01	30.06	
22/08/17	-2.98	-2.98	29.87	
23/08/17	-2.94	-2.94	29.79	
24/08/17	-2.90	-2.90	30.28	
25/08/17	0.14	-0.32	30.71	
26/08/17	4.18	3.12	30.88	
27/08/17	-1.78	-1.93	31.46	
28/08/17	8.26	6.59	32.65	
29/08/17	-2.70	-2.70	33.16	
30/08/17	-2.66	-2.66	33.04	
31/08/17	-1.62	-1.77	32.97	
01/09/17	12.41	10.16	33.04	
02/09/17	9.45	7.66	33.18	
03/09/17	18.49	15.36	34.63	
04/09/17	-2.47	-2.47	34.53	
05/09/17	-2.43	-2.43	33.84	
06/09/17	3.61	2.72	33.62	
07/09/17	-0.35	-0.65	33.55	
08/09/17	-2.31	-2.31	33.40	
09/09/17	-2.27	-2.27	33.32	
10/09/17	-2.23	-2.23	33.24	
11/09/17	0.80	0.36	33.22	
12/09/17	-0.16	-0.45	33.16	
13/09/17	-2.12	-2.12	33.06	
14/09/17	2.92	2.19	33.00	
15/09/17	-2.04	-2.04	32.99	
16/09/17	-0.02	-0.31	32.94	
17/09/17	2.99	2.27	32.96	
18/09/17	-1.99	-1.99	32.92	
19/09/17	28.03	23.71	33.68	
20/09/17	21.04	17.74	37.41	
21/09/17	-0.94	-1.08	36.08	
22/09/17	-1.92	-1.92	34.79	
23/09/17	-1.91	-1.91	34.27	
24/09/17	-1.89	-1.89	33.98	
25/09/17	-1.87	-1.87	33.78	
26/09/17	-1.86	-1.86	33.67	
27/09/17	-1.84	-1.84	31.55	
28/09/17	-1.82	-1.82	29.96	
29/09/17	-1.81	-1.81	33.15	
30/09/17	-1.79	-1.79	31.12	
01/10/17	-1.77	-1.77	30.17	
02/10/17	-1.76	-1.76	30.10	
03/10/17	1.26	0.84	30.08	
04/10/17	-1.72	-1.72	30.03	
05/10/17	7.29	6.04	30.01	
06/10/17	5.31	4.34	30.21	
07/10/17	4.33	3.50	30.34	
08/10/17	-0.66	-0.80	30.21	
09/10/17	12.36	10.43	30.61	
10/10/17	0.37	0.10	30.53	
11/10/17	-1.61	-1.61	31.19	
12/10/17	-1.59	-1.59	31.76	
13/10/17	-1.58	-1.58	32.07	
14/10/17	-1.56	-1.56	29.31	
15/10/17	-1.54	-1.54	28.37	
16/10/17	-1.51	-1.51	30.76	
17/10/17	-1.48	-1.48	30.87	
18/10/17	-1.45	-1.45	30.71	
19/10/17	-1.43	-1.43	30.72	
20/10/17	-1.40	-1.40	31.37	
21/10/17	-1.37	-1.37	29.27	
22/10/17	2.66	2.13	29.13	
23/10/17	7.69	6.50	29.25	
24/10/17	3.72	3.06	29.69	
25/10/17	-1.25	-1.25	29.63	
26/10/17	-1.22	-1.22	32.62	
27/10/17	27.81	23.99	30.94	
28/10/17	-0.16	-0.29	30.74	
29/10/17	22.87	19.72	31.50	
30/10/17	0.90	0.64	34.70	
31/10/17	-1.07	-1.07	34.26	
01/11/17	-0.05	-0.18	33.95	
02/11/17	-1.02	-1.02	33.76	
03/11/17	-0.99	-0.99	33.61	
04/11/17	-0.96	-0.96	33.46	
05/11/17	6.07	5.17	33.41	
06/11/17	12.10	10.43	33.63	
07/11/17	-0.87	-0.87	33.69	
08/11/17	6.16	5.27	33.67	
09/11/17	-0.81	-0.81	33.73	
10/11/17	2.22	1.84	33.63	
11/11/17	20.25	17.59	34.16	
12/11/17	12.28	10.63	36.23	
13/11/17	0.31	0.18	35.45	
14/11/17	-0.66	-0.66	34.71	
15/11/17	-0.64	-0.64	34.35	
16/11/17	-0.62	-0.62	33.93	
17/11/17	0.39	0.27	34.02	
18/11/17	0.41	0.28	33.89	
19/11/17	10.42	9.06	33.85	
20/11/17	7.44	6.45	33.89	
21/11/17	12.45	10.85	35.15	
22/11/17	-0.54	-0.54	35.41	
23/11/17	-0.52	-0.52	34.77	
24/11/17	-0.51	-0.51	34.41	
25/11/17	1.51	1.26	34.24	
26/11/17	0.52	0.40	34.04	
27/11/17	1.54	1.29	33.96	
28/11/17	-0.45	-0.45	33.92	
29/11/17	2.56	2.20	33.85	
30/11/17	12.58	11.01	33.85	
01/12/17	-0.41	-0.41	33.78	
02/12/17	-0.39	-0.39	33.69	
03/12/17	-0.38	-0.38	33.63	
04/12/17	16.71	15.52	33.62	
05/12/17	14.57	11.96	34.44	
06/12/17	-0.34	-0.34	34.65	
07/12/17	-0.32	-0.32	34.27	
08/12/17	2.69	2.34	34.12	
09/12/17	1.71	1.47	33.95	
10/12/17	-0.28	-0.28	33.89	
11/12/17	-0.27	-0.27	33.94	
12/12/17	8.75	7.70	34.27	
13/12/17	-0.24	-0.24	34.22	
14/12/17	0.78	0.66	34.10	
15/12/17	0.79	0.68	33.99	
16/12/17	1.78	1.55	33.85	
17/12/17	5.78	5.09	33.76	
18/12/17	-0.23	-0.23	33.70	
19/12/17	-0.23	-0.23	33.61	
20/12/17	8.43	7.86	33.60	
21/12/17	28.08	24.44	33.82	
22/12/17	9.75	8.61	36.64	
23/12/17	-0.26	-0.26	36.69	
24/12/17	-0.27	-0.27	36.10	
25/12/17	-0.27	-0.27	35.42	
26/12/17	-0.28	-0.28	35.09	
27/12/17	-0.29	-0.29	34.93	
28/12/17	23.85	22.18	34.85	
29/12/17	-0.30	-0.30	34.71	
30/12/17	16.78	15.78	34.63	
31/12/17	19.47	15.37	37.80	
01/01/18	1.68	1.46	36.54	
02/01/18	4.68	4.12	35.81	
03/01/18	17.67	15.68	36.23	
04/01/18	18.66	16.56	36.53	
05/01/18	8.66	7.66	38.85	
06/01/18	-0.35	-0.35	37.26	
07/01/18	-0.36	-0.36	36.52	
08/01/18	-0.36	-0.36	36.15	
09/01/18	-0.37	-0.37	35.93	
10/01/18	-0.37	-0.37	35.78	
11/01/18	-0.38	-0.38	35.59	
12/01/18	0.61	0.50	35.43	
13/01/18	-0.39	-0.39	35.31	
14/01/18	-0.40	-0.40	35.21	
15/01/18	-0.41	-0.41	35.10	
16/01/18	23.53	21.81	35.22	
17/01/18	27.50	23.44	35.83	
18/01/18	26.82	23.52	35.78	
19/01/18	17.65	15.56	39.28	
20/01/18	6.66	5.85	37.57	
21/01/18	16.67	14.69	36.84	
22/01/18	15.69	13.82	36.49	
23/01/18	6.70	5.88	37.19	
24/01/18	-0.29	-0.29	37.45	
25/01/18	-0.28	-0.28	37.41	
26/01/18	-0.26	-0.26	37.27	
27/01/18	-0.25	-0.25	37.01	
28/01/18	-0.24	-0.24	36.93	
29/01/18	-0.22	-0.22	37.41	
30/01/18	4.79	4.19	37.53	
31/01/18	-0.20	-0.20	37.29	
01/02/18	7.82	6.86	37.06	
02/02/18	-0.17	-0.17	36.87	
03/02/18	4.84	4.24	36.71	
04/02/18	0.86	0.73	36.49	
05/02/18	-0.13	-0.13	36.32	
06/02/18	-0.12	-0.12	36.23	
07/02/18	-0.10	-0.10	36.12	
08/02/18	1.91	1.66	35.97	
09/02/18	-0.08	-0.08	35.87	
10/02/18	-0.07	-0.07	35.78	
11/02/18	0.95	0.82	35.72	
12/02/18	5.96	5.22	35.65	
13/02/18	-0.03	-0.03	35.57	
14/02/18	-0.01	-0.01	35.49	
15/02/18	0.00	0.00	35.39	
16/02/18	16.99	14.86	35.42	
17/02/18	0.98	0.85	35.46	
18/02/18	2.97	2.59	35.36	
19/02/18	-0.04	-0.04	35.29	
20/02/18	4.17	3.79	35.23	
21/02/18	3.06	2.68	35.18	
22/02/18	-0.08	-0.08	35.10	
23/02/18	-0.09	-0.09	35.03	
24/02/18	-0.10	-0.10	34.97	
25/02/18	-0.11	-0.11	34.88	
26/02/18	-0.12	-0.12	34.83	
27/02/18	-0.13	-0.13	34.79	
28/02/18	-0.14	-0.14	34.72	
01/03/18	-0.15	-0.15	34.69	
02/03/18	-0.16	-0.16	34.66	
03/03/18	-0.17	-0.17	34.63	
04/03/18	-0.18	-0.18	34.56	
05/03/18	-0.20	-0.20	34.55	
06/03/18	8.54	8.01	34.55	
07/03/18	17.69	14.55	34.62	
08/03/18	-0.23	-0.23	35.36	
09/03/18	-0.24	-0.24	35.03	
10/03/18	-0.25	-0.25	35.13	
11/03/18	-0.26	-0.26	35.41	
12/03/18	2.73	2.33	35.49	
13/03/18	-0.28	-0.28	35.25	
14/03/18	3.71	3.17	35.06	
15/03/18	-0.30	-0.30	35.00	
16/03/18	4.64	3.96	34.95	
17/03/18	-0.42	-0.42	34.94	
18/03/18	-0.48	-0.48	34.84	
19/03/18	-0.54	-0.54	34.72	
20/03/18	-0.60	-0.60	34.64	
21/03/18	-0.66	-0.66	34.55	
22/03/18	1.08	1.08	34.53	
23/03/18	3.42	2.60	34.55	
24/03/18	-0.84	-0.84	34.51	
25/03/18	-0.90	-0.90	34.46	
26/03/18	-0.96	-0.96	34.40	
27/03/18	5.98	5.01	34.39	
28/03/18	3.92	3.23	34.46	
29/03/18	2.86	2.31	34.55	
30/03/18	-1.20	-1.20	34.56	
31/03/18	13.74	11.65	34.61	
01/04/18	15.69	13.31	36.90	
02/04/18	0.63	0.34	36.34	
03/04/18	-1.43	-1.43	35.75	
04/04/18	-1.49	-1.49	35.39	
05/04/18	1.45	1.02	35.15	
06/04/18	-1.61	-1.61	34.99	
07/04/18	-1.67	-1.67	34.92	
08/04/18	-1.73	-1.73	34.84	
09/04/18	-1.79	-1.79	34.76	
10/04/18	-1.85	-1.85	34.69	
11/04/18	-1.91	-1.91	34.61	
12/04/18	-1.97	-1.97	34.53	
13/04/18	-2.03	-2.03	34.42	
14/04/18	-2.09	-2.09	34.34	
15/04/18	-2.15	-2.15	34.33	
16/04/18	-2.16	-2.16	34.27	
17/04/18	-2.18	-2.18	34.19	
18/04/18	-2.19	-2.19	34.14	
19/04/18	-2.21	-2.21	34.13	
20/04/18	-2.22	-2.22		
21/04/18	-2.24	-2.24	32.87	
22/04/18	-2.26	-2.26	32.27	
23/04/18	1.73	1.14	31.69	
24/04/18	4.71	3.68	32.91	
25/04/18	-2.30	-2.30	32.89	
26/04/18	3.68	2.79	32.85	
27/04/18	-2.33	-2.33	32.78	
28/04/18	-2.35	-2.35	32.78	
29/04/18	-2.36	-2.36	32.75	
30/04/18	-2.38	-2.38	32.72	
01/05/18	-2.39	-2.39	32.70	
02/05/18	-2.41	-2.41	32.63	
03/05/18	-2.43	-2.43	32.65	
04/05/18	-1.44	-1.59	32.62	
05/05/18	0.54	0.09	32.60	
06/05/18	-2.47	-2.47	32.57	
07/05/18	-2.49	-2.49	32.63	
08/05/18	-2.50	-2.50	32.50	
09/05/18	-2.52	-2.52	32.63	
10/05/18	4.47	3.40	32.60	
11/05/18	-2.55	-2.55	32.57	
12/05/18	-1.56	-1.72	32.52	
13/05/18	-2.58	-2.58	32.57	
14/05/18	-2.60	-2.60	32.50	
15/05/18	20.39	16.84	32.73	
16/05/18	-0.63	-0.94	32.66	
17/05/18	-0.65	-0.96	32.50	
18/05/18	-1.66	-1.82	32.48	
19/05/18	-2.68	-2.68	32.49	
20/05/18	-1.70	-1.86	32.45	
21/05/18	-2.72	-2.72	32.47	
22/05/18	-2.74	-2.74	32.41	
23/05/18	15.24	12.42	32.56	
24/05/18	-2.77	-2.77	32.71	
25/05/18	17.21	14.05	32.66	
26/05/18	-2.81	-2.81	32.62	
27/05/18	-2.83	-2.83	32.43	
28/05/18	-2.85	-2.85	32.35	
29/05/18	-2.86	-2.86	32.27	
30/05/18	-2.88	-2.88		
31/05/18	1.10	0.46	30.57	
01/06/18	-2.92	-2.92	28.97	
02/06/18	27.06	22.25		
03/06/18	-2.95	-2.95	30.92	
04/06/18	-2.97	-2.97	29.57	
05/06/18	-2.99	-2.99	30.64	
06/06/18	-3.01	-3.01	32.36	
07/06/18	-3.03	-3.03	31.90	
08/06/18	-3.04	-3.04	31.26	
09/06/18	-3.06	-3.06	30.44	
10/06/18	-3.08	-3.08	30.14	
11/06/18	-2.10	-2.26	31.50	
12/06/18	3.88	2.74	32.36	
13/06/18	50.87	45.87	31.79	
14/06/18	11.85	9.38	33.50	
15/06/18	-3.17	-3.17	33.15	
16/06/18	-3.17	-3.17	32.85	
17/06/18	-3.18	-3.18	32.72	
18/06/18	-3.18	-3.18	31.97	
19/06/18	-3.19	-3.19	32.61	
20/06/18	-3.19	-3.19		
21/06/18	2.81	1.81	30.78	
22/06/18	9.80	7.63	32.34	
23/06/18	-2.20	-2.37	29.88	
24/06/18	0.79	0.12	29.14	
25/06/18	12.79	10.10	29.41	
26/06/18	9.79	7.60	30.38	
27/06/18	14.78	11.75	32.66	
28/06/18	39.78	34.78	36.53	
29/06/18	21.77	17.54	38.30	
30/06/18	-3.23	-3.23	36.11	
01/07/18	-3.23	-3.23	34.70	
02/07/18	-3.24	-3.24	34.09	
03/07/18	-3.24	-3.24		
04/07/18	-3.25	-3.25	31.73	
05/07/18	-0.25	-0.76		
06/07/18	17.74	14.21	31.78	
07/07/18	-1.26	-1.60	30.56	
08/07/18	-3.26	-3.26	32.22	
09/07/18	-3.27	-3.27	30.76	
10/07/18	0.73	0.06	29.76	
11/07/18	0.72	0.06	32.15	
12/07/18	-3.28	-3.28	31.14	
13/07/18	-3.28	-3.28		
14/07/18	-3.29	-3.29		
15/07/18	-3.29	-3.29	30.83	
16/07/18	-3.30	-3.30		
17/07/18	-2.31	-2.47		
18/07/18	-3.31	-3.31	32.69	
19/07/18	-3.32	-3.32		
20/07/18	-3.33	-3.33		
21/07/18	-3.33	-3.33		
22/07/18	3.66	2.52	31.00	
23/07/18	-3.35	-3.35	32.54	
24/07/18	-3.35	-3.35	31.63	
25/07/18	-0.36	-0.85		
26/07/18	-3.37	-3.37		
27/07/18	-3.38	-3.38		
28/07/18	-3.38	-3.38		
29/07/18	-3.39	-3.39		
30/07/18	-3.40	-3.40		
31/07/18	-3.40	-3.40		
01/08/18	-3.41	-3.41		
02/08/18	0.58	-0.06		
03/08/18	-3.43	-3.43		
04/08/18	-3.43	-3.43		
05/08/18	-3.44	-3.44		
06/08/18	-3.45	-3.45		
07/08/18	-3.45	-3.45		
08/08/18	-3.46	-3.46		
09/08/18	-3.47	-3.47		
10/08/18	2.53	1.58		
11/08/18	-3.48	-3.48		
12/08/18	-3.49	-3.49		
13/08/18	-2.50	-2.65	30.83	
14/08/18	6.50	4.94	30.28	
15/08/18	-2.51	-2.66	30.49	
16/08/18	-3.47	-3.47		
17/08/18	-3.44	-3.44		
18/08/18	-3.40	-3.40		
19/08/18	-3.36	-3.36		
20/08/18	-3.33	-3.33		
21/08/18	-3.29	-3.29		
22/08/18	-3.25	-3.25		
23/08/18	-3.22	-3.22		
24/08/18	0.82	0.21		
25/08/18	4.86	3.64	29.60	
26/08/18	18.89	15.55	28.71	
27/08/18	-3.07	-3.07	31.09	
28/08/18	-3.03	-3.03	30.38	
29/08/18	-3.00	-3.00	28.10	
30/08/18	4.04	2.99	30.82	
31/08/18	-1.92	-2.07	28.97	
01/09/18	15.11	12.41	30.83	
02/09/18	-2.85	-2.85	28.75	
03/09/18	20.19	16.75	28.59	
04/09/18	-0.78	-1.07	29.06	
05/09/18	-0.74	-1.04	29.48	
06/09/18	-2.70	-2.70	30.21	
07/09/18	-2.67	-2.67	30.93	
08/09/18	-2.63	-2.63	30.37	
09/09/18	-2.59	-2.59	29.86	
10/09/18	-2.56	-2.56	29.43	
11/09/18	-2.52	-2.52	29.85	
12/09/18	-2.48	-2.48	30.41	
13/09/18	-2.45	-2.45	29.93	
14/09/18	0.59	0.15	30.46	
15/09/18	-2.37	-2.37	31.53	
16/09/18	-2.35	-2.35	29.36	
17/09/18	-2.32	-2.32	30.52	
18/09/18	-2.29	-2.29	28.81	
19/09/18	-2.26	-2.26	30.52	
20/09/18	-2.24	-2.24	30.19	
21/09/18	1.79	1.22	30.05	
22/09/18	10.82	8.96	29.00	
23/09/18	9.84	8.13	28.54	
24/09/18	1.87	1.30	28.11	
25/09/18	-2.10	-2.10	31.30	
26/09/18	-2.08	-2.08	31.11	
27/09/18	-2.05	-2.05	30.75	
28/09/18	-2.02	-2.02	31.22	
29/09/18	-1.99	-1.99	29.48	
30/09/18	-1.97	-1.97	27.09	
01/10/18	1.06	0.64	30.03	
02/10/18	3.09	2.39	29.36	
03/10/18	1.11	0.70	29.32	
04/10/18	-1.86	-1.86	31.11	
05/10/18	-1.83	-1.83	29.84	
06/10/18	-1.80	-1.80	30.24	
07/10/18	-0.78	-0.92	29.78	
08/10/18	-1.75	-1.75	30.25	
09/10/18	-1.72	-1.72	30.58	
10/10/18	-1.70	-1.70	29.17	
11/10/18	-1.67	-1.67	31.20	
12/10/18	-1.64	-1.64	30.97	
13/10/18	-1.62	-1.62	31.02	
14/10/18	-1.59	-1.59	30.06	
15/10/18	-1.56	-1.56	31.00	
16/10/18	-1.53	-1.53	31.11	
17/10/18	-1.51	-1.51	30.06	
18/10/18	-1.48	-1.48	30.78	
19/10/18	-1.45	-1.45	29.44	
20/10/18	-1.42	-1.42	30.76	
21/10/18	-1.40	-1.40	29.74	
22/10/18	-1.37	-1.37	27.95	
23/10/18	-0.34	-0.48		
24/10/18	19.69	16.90	31.11	
25/10/18	10.71	9.13		
26/10/18	-1.26	-1.26	30.25	
27/10/18	5.77	4.85		
28/10/18	-0.20	-0.34	29.89	
29/10/18	1.82	1.43	30.83	
30/10/18	6.85	5.80	29.29	
31/10/18	-1.12	-1.12	31.39	
01/11/18	-1.10	-1.10	29.98	
02/11/18	-0.07	-0.20	30.69	
03/11/18	-0.04	-0.17	30.15	
04/11/18	-1.01	-1.01	29.68	
05/11/18	-0.99	-0.99	30.56	
06/11/18	-0.96	-0.96	30.69	
07/11/18	-0.93	-0.93		
08/11/18	-0.90	-0.90	31.11	
09/11/18	-0.88	-0.88		
10/11/18	-0.85	-0.85	28.84	
11/11/18	-0.82	-0.82	30.02	
12/11/18	-0.79	-0.79	30.94	
13/11/18	-0.77	-0.77	30.74	
14/11/18	-0.74	-0.74	30.32	
15/11/18	-0.71	-0.71	30.12	
16/11/18	-0.70	-0.70	30.67	
17/11/18	-0.68	-0.68	29.59	
18/11/18	0.33	0.21	27.88	
19/11/18	0.35	0.22	30.67	
20/11/18	-0.64	-0.64		
21/11/18	-0.62	-0.62		
22/11/18	-0.61	-0.61	30.69	
23/11/18	-0.59	-0.59		
24/11/18	-0.58	-0.58		
25/11/18	0.44	0.31		
26/11/18	28.45	24.92	29.38	
27/11/18	8.47	7.37	28.33	
28/11/18	-0.52	-0.52	30.10	
29/11/18	-0.50	-0.50	29.35	
30/11/18	-0.49	-0.49	29.82	
01/12/18	12.02	10.82	30.02	
02/12/18	7.91	7.32	30.32	
03/12/18	24.68	20.97	32.17	
04/12/18	13.57	11.90	34.11	
05/12/18	-0.42	-0.42	32.15	
06/12/18	7.60	6.65	31.62	
07/12/18	1.61	1.38	32.50	
08/12/18	7.63	6.69	31.48	
09/12/18	16.64	14.65	29.75	
10/12/18	7.66	6.72	33.64	
11/12/18	5.67	4.97	32.19	
12/12/18	16.69	14.71	31.63	
13/12/18	-0.30	-0.30	32.10	
14/12/18	-0.28	-0.28	31.81	
15/12/18	-0.27	-0.27	29.79	
16/12/18	-0.26	-0.26	30.18	
17/12/18	-0.26	-0.26	30.28	
18/12/18	5.12	5.00	31.60	
19/12/18	-0.24	-0.24	29.83	
20/12/18	2.39	1.59	31.99	
21/12/18	0.77	0.65	31.54	
22/12/18	14.77	13.07	33.66	
23/12/18	19.78	17.52	37.04	
24/12/18	58.78	53.78	40.20	
25/12/18	1.79	1.56	37.87	
26/12/18	-0.21	-0.21	36.12	
27/12/18	-0.20	-0.20	35.29	
28/12/18	-0.19	-0.19	34.75	
29/12/18	-0.19	-0.19	34.34	
30/12/18	24.82	22.05	34.38	
31/12/18	18.82	16.73	36.03	
01/01/19	8.83	7.84	36.60	
02/01/19	10.83	9.62	36.31	
03/01/19	-0.16	-0.16	35.56	
04/01/19	-0.15	-0.15	35.09	
05/01/19	23.59	21.47	34.85	
06/01/19	26.76	24.64	35.52	
07/01/19	31.52	28.98	35.87	
08/01/19	18.58	14.07	36.86	
09/01/19	15.87	14.07	37.19	
10/01/19	18.88	16.74	36.17	
11/01/19	-0.11	-0.11	35.65	
12/01/19	15.89	14.07	35.44	
13/01/19	22.90	20.28	36.55	
14/01/19	7.90	6.99	39.46	
15/01/19	0.91	0.79	37.60	
16/01/19	-0.10	-0.10	36.88	
17/01/19	-0.11	-0.11	36.55	
18/01/19	0.88	0.76	36.24	
19/01/19	-0.13	-0.13	36.01	
20/01/19	-0.14	-0.14	35.81	
21/01/19	-0.15	-0.15	35.61	
22/01/19	-0.16	-0.16	35.49	
23/01/19	-0.17	-0.17	35.41	
24/01/19	-0.18	-0.18	35.20	
25/01/19	-0.20	-0.20	35.00	
26/01/19	-0.21	-0.21	34.88	
27/01/19	9.15	9.15	34.86	
28/01/19	13.41	10.69	34.81	
29/01/19	-0.24	-0.24	34.65	
30/01/19	-0.25	-0.25	34.57	
31/01/19	-0.26	-0.26	34.44	
01/02/19	-0.27	-0.27	34.36	
02/02/19	5.72	5.00	34.37	
03/02/19	7.71	6.75	34.85	
04/02/19	0.70	0.58	34.78	
05/02/19	-0.31	-0.31	34.58	
06/02/19	-0.32	-0.32	33.86	
07/02/19	-0.33	-0.33	33.59	
08/02/19	4.66	4.05	33.77	
09/02/19	-0.35	-0.35	33.06	
10/02/19	5.64	4.90	33.67	
11/02/19	2.63	2.26	34.62	
12/02/19	1.62	1.37	34.54	
13/02/19	-0.39	-0.39	34.17	
14/02/19	-0.40	-0.40	33.98	
15/02/19	-0.41	-0.41	33.90	
16/02/19	-0.44	-0.44	33.56	
17/02/19	-0.47	-0.47	33.96	
18/02/19	-0.49	-0.49	34.06	
19/02/19	-0.52	-0.52		
20/02/19	2.45	2.07	34.35	
21/02/19	0.43	0.30	34.54	
22/02/19	11.40	9.87	36.00	
23/02/19	-0.63	-0.63	35.79	
24/02/19	-0.65	-0.65	35.00	
25/02/19	-0.68	-0.68	34.62	
26/02/19	-0.71	-0.71	34.50	
27/02/19	-0.73	-0.73	34.63	
28/02/19	-0.76	-0.76	34.69	
01/03/19	4.21	3.56	35.07	
02/03/19	4.19	3.53	35.02	
03/03/19	1.16	0.90	34.76	
04/03/19	1.13	0.87	34.65	
05/03/19	7.11	6.06	34.49	
06/03/19	-0.92	-0.92	35.38	
07/03/19	1.05	0.79	35.34	
08/03/19	0.03	-0.11	35.24	
09/03/19	3.00	2.47	35.09	
10/03/19	11.97	10.24	35.29	
11/03/19	4.95	4.15	35.68	
12/03/19	-0.08	-0.21	35.39	
13/03/19	0.89	0.62	35.27	
14/03/19	8.87	7.52	35.16	
15/03/19	10.84	9.22	35.59	
16/03/19	-1.18	-1.18	36.27	
17/03/19	-1.20	-1.20	35.79	
18/03/19	-0.22	-0.36	35.42	
19/03/19	-1.24	-1.24	35.14	
20/03/19	-1.26	-1.26	34.96	
21/03/19	-1.28	-1.28	34.88	
22/03/19	-1.30	-1.30	34.83	
23/03/19	-1.32	-1.32	34.76	
24/03/19	-1.34	-1.34	34.72	
25/03/19	1.64	1.23	34.66	
26/03/19	-1.38	-1.38	34.56	
27/03/19	0.60	0.33	34.48	
28/03/19	0.58	0.31	34.43	
29/03/19	-1.44	-1.44	34.39	
30/03/19	-1.46	-1.46	34.36	
31/03/19	-1.48	-1.48	34.29	
01/04/19	-1.50	-1.50	34.25	
02/04/19	-1.52	-1.52	34.25	
03/04/19	-1.54	-1.54	34.20	
04/04/19	-1.56	-1.56	34.18	
05/04/19	-1.57	-1.57	34.07	
06/04/19	-1.59	-1.59	34.04	
07/04/19	-1.61	-1.61	34.00	
08/04/19	-1.63	-1.63	33.92	
09/04/19	-1.65	-1.65	33.90	
10/04/19	6.33	5.18	33.86	
11/04/19	1.31	0.88	31.90	
12/04/19	-1.71	-1.71	31.57	
13/04/19	-1.73	-1.73	32.29	
14/04/19	3.25	2.53	32.29	
15/04/19	-0.77	-0.92	32.51	
16/04/19	-1.77	-1.77	32.37	
17/04/19	-1.77	-1.77	32.36	
18/04/19	-1.77	-1.77	32.35	
19/04/19	-1.77	-1.77	31.94	
20/04/19	-1.77	-1.77	31.67	
21/04/19	-1.77	-1.77	31.63	
22/04/19	-1.77	-1.77	30.32	
23/04/19	-1.77	-1.77	30.92	
24/04/19	-1.77	-1.77	31.89	
25/04/19	-1.77	-1.77	31.72	
26/04/19	-1.77	-1.77	31.69	
27/04/19	-1.77	-1.77	31.19	
28/04/19	-1.77	-1.77	30.66	
29/04/19	13.23	10.99	29.70	
30/04/19	34.23	29.23	30.27	
01/05/19	-0.77	-0.92	30.41	
02/05/19	-1.76	-1.76	30.05	
03/05/19	12.24	10.13	31.27	
04/05/19	7.24	5.88	31.03	
05/05/19	30.24	25.39	31.54	
06/05/19	3.24	2.48	32.33	
07/05/19	-1.76	-1.76	31.82	
08/05/19	-1.76	-1.76	32.42	
09/05/19	8.24	6.71	33.68	
10/05/19	-0.76	-0.91	33.46	
11/05/19	16.24	13.48	33.38	
12/05/19	31.24	26.24	34.71	
13/05/19	1.24	0.78	35.91	
14/05/19	1.24	0.78	34.87	
15/05/19	20.24	16.84	34.65	
16/05/19	3.19	2.42	36.74	
17/05/19	-1.86	-1.86	36.25	
18/05/19	-1.91	-1.91	35.80	
19/05/19	-1.96	-1.96	35.51	
20/05/19	12.00	9.81	35.38	
21/05/19	1.95	1.32	35.02	
22/05/19	5.90	4.64	35.50	
23/05/19	-1.15	-1.31	35.62	
24/05/19	-2.20	-2.20	35.32	
25/05/19	-2.25	-2.25	35.12	
26/05/19	-2.30	-2.30	35.02	
27/05/19	2.65	1.86	34.94	
28/05/19	18.61	15.27	34.52	
29/05/19	28.56	23.63	35.98	
30/05/19	-2.49	-2.49	36.05	
31/05/19	-2.54	-2.54	35.21	
01/06/19	-2.59	-2.59	34.81	
02/06/19	-2.64	-2.64	34.59	
03/06/19	-2.69	-2.69	34.49	
04/06/19	-2.74	-2.74	34.39	
05/06/19	-2.79	-2.79		
06/06/19	12.17	9.74	35.08	
07/06/19	-2.88	-2.88	34.95	
08/06/19	-2.93	-2.93	34.81	
09/06/19	-2.98	-2.98	34.73	
10/06/19	-1.03	-1.36	34.66	
11/06/19	-3.08	-3.08	34.57	
12/06/19	-3.13	-3.13	34.52	
13/06/19	-3.18	-3.18	34.44	
14/06/19	-3.22	-3.22	34.22	
15/06/19	23.73	19.28	32.48	
16/06/19	-3.26	-3.26	33.25	
17/06/19	-3.25	-3.25	33.44	
18/06/19	-3.24	-3.24	33.52	
19/06/19	-3.23	-3.23	33.51	
20/06/19	3.78	2.61	33.44	
21/06/19	-2.21	-2.38	33.43	
22/06/19	-3.20	-3.20	33.34	
23/06/19	3.81	2.64	33.36	
24/06/19	-3.18	-3.18	33.37	
25/06/19	-3.17	-3.17	33.26	
26/06/19	-3.16	-3.16	33.08	
27/06/19	-3.15	-3.15	31.57	
28/06/19	-3.14	-3.14	32.15	
29/06/19	-3.13	-3.13	31.40	
30/06/19	-3.12	-3.12	32.31	
01/07/19	-3.11	-3.11	31.80	
02/07/19	-3.10	-3.10	31.41	
03/07/19	-3.09	-3.09		
04/07/19	-3.08	-3.08	32.13	
05/07/19	-3.07	-3.07		
06/07/19	-3.06	-3.06	31.37	
07/07/19	16.95	13.59	31.48	
08/07/19	0.96	0.29	30.61	
09/07/19	-3.03	-3.03	30.42	
10/07/19	-3.02	-3.02	30.36	
11/07/19	-3.01	-3.01	30.32	
12/07/19	4.00	2.83	30.38	
13/07/19	13.01	10.35	30.46	
14/07/19	4.02	2.86	30.52	
15/07/19	-2.97	-2.97	30.38	
16/07/19	-2.97	-2.97	29.85	
17/07/19	-2.97	-2.97	30.23	
18/07/19	1.04	0.38	30.22	
19/07/19	-2.96	-2.96	30.00	
20/07/19	-2.96	-2.96	31.61	
21/07/19	-1.96	-2.12	30.06	
22/07/19	-2.95	-2.95	29.94	
23/07/19	-2.95	-2.95		
24/07/19	-2.95	-2.95		
25/07/19	-2.95	-2.95		
26/07/19	-2.95	-2.95		
27/07/19	1.06	0.41	32.17	
28/07/19	12.06	9.64	30.01	
29/07/19	46.06	41.06	30.15	
30/07/19	0.06	-0.42	29.93	
31/07/19	2.07	1.27	29.93	
01/08/19	-2.93	-2.93	30.72	
02/08/19	0.07	-0.41	30.05	
03/08/19	4.07	2.96	30.21	
04/08/19	-1.92	-2.08	30.13	
05/08/19	-2.92	-2.92	30.08	
06/08/19	-2.92	-2.92	30.03	
07/08/19	10.08	8.03	29.90	
08/08/19	-2.91	-2.91	31.54	
09/08/19	-2.91	-2.91	29.86	
10/08/19	-2.91	-2.91	31.53	
11/08/19	-1.91	-2.06	29.90	
12/08/19	5.10	3.84	29.90	
13/08/19	0.10	-0.37	29.95	
14/08/19	-1.90	-2.06	29.92	
15/08/19	-2.90	-2.90	29.86	
16/08/19	1.13	0.51	29.86	
17/08/19	-2.84	-2.84	29.83	
18/08/19	-2.82	-2.82	29.79	
19/08/19	-0.79	-1.10	29.78	
20/08/19	-2.77	-2.77	29.76	
21/08/19	3.26	2.34	29.86	
22/08/19	-2.71	-2.71	29.95	
23/08/19	-2.69	-2.69	30.66	
24/08/19	-2.66	-2.66	30.62	
25/08/19	-2.63	-2.63	30.95	
26/08/19	-2.61	-2.61	30.92	
27/08/19	-2.58	-2.58	32.28	
28/08/19	-2.55	-2.55	29.48	
29/08/19	2.47	1.72		
30/08/19	-1.50	-1.65	30.83	
31/08/19	-2.47	-2.47	30.96	
01/09/19	-1.45	-1.60	29.03	
02/09/19	23.58	19.69	29.04	
03/09/19	-2.39	-2.39	29.29	
04/09/19	-2.37	-2.37	29.36	
05/09/19	-1.34	-1.49	30.83	
06/09/19	-1.32	-1.46	29.33	
07/09/19	-2.29	-2.29	27.70	
08/09/19	-1.26	-1.41	27.69	
09/09/19	8.76	7.14	27.79	
10/09/19	-2.21	-2.21	29.02	
11/09/19	-2.18	-2.18	29.71	
12/09/19	-2.16	-2.16	28.89	
13/09/19	-2.13	-2.13	28.92	
14/09/19	-2.10	-2.10	29.33	
15/09/19	-2.08	-2.08	28.84	
16/09/19	-2.05	-2.05	27.60	
17/09/19	-1.03	-1.17	30.94	
18/09/19	-2.00	-2.00	29.24	
19/09/19	-1.98	-1.98		
20/09/19	-1.95	-1.95		
21/09/19	-1.92	-1.92	29.85	
22/09/19	-1.90	-1.90	30.76	
23/09/19	4.13	3.27	29.20	
24/09/19	6.15	5.01	29.20	
25/09/19	0.18	-0.11	30.46	
26/09/19	-0.80	-0.94	30.56	
27/09/19	5.23	4.24	29.92	
28/09/19	0.25	-0.03	30.24	
29/09/19	-1.72	-1.72	28.55	
30/09/19	-1.70	-1.70	27.81	
01/10/19	-1.67	-1.67	30.24	
02/10/19	21.35	18.14	30.43	
03/10/19	8.38	6.99	30.68	
04/10/19	-0.59	-0.73	30.63	
05/10/19	10.43	8.77	29.77	
06/10/19	-1.54	-1.54	29.13	
07/10/19	5.48	4.51	29.18	
08/10/19	-1.49	-1.49	30.56	
09/10/19	8.53	7.16	30.43	
10/10/19	3.56	2.87	29.82	
11/10/19	-1.42	-1.42	30.26	
12/10/19	-1.39	-1.39	30.65	
13/10/19	-1.37	-1.37	29.14	
14/10/19	-1.34	-1.34	27.72	
15/10/19	-1.32	-1.32		
16/10/19	2.71	2.17	31.67	
17/10/19	-1.27	-1.27	29.75	
18/10/19	-1.25	-1.25	30.39	
19/10/19	-1.23	-1.23	29.94	
20/10/19	-1.20	-1.20	29.40	
21/10/19	-1.18	-1.18	28.54	
22/10/19	-1.16	-1.16		
23/10/19	-1.14	-1.14		
24/10/19	-1.12	-1.12	29.54	
25/10/19	-1.09	-1.09		
26/10/19	-1.07	-1.07		
27/10/19	-1.05	-1.05	30.74	
28/10/19	5.97	5.05	31.04	
29/10/19	3.99	3.34	30.09	
30/10/19	5.02	4.23	30.39	
31/10/19	-0.96	-0.96	30.66	
01/11/19	-0.94	-0.94	30.15	
02/11/19	-0.92	-0.92	29.36	
03/11/19	1.11	0.85	28.63	
04/11/19	4.13	3.48	29.59	
05/11/19	14.15	12.22	30.12	
06/11/19	1.17	0.92	31.09	
07/11/19	2.19	1.81	30.68	
08/11/19	-0.78	-0.78	30.74	
09/11/19	3.24	2.73	30.35	
10/11/19	-0.74	-0.74	29.61	
11/11/19	-0.72	-0.72	29.01	
12/11/19	7.31	6.29	31.50	
13/11/19	-0.67	-0.67	30.92	
14/11/19	-0.65	-0.65	31.34	
15/11/19	-0.63	-0.63	30.42	
16/11/19	-0.61	-0.61	31.63	
17/11/19	-0.60	-0.60	29.39	
18/11/19	3.41	2.92	27.91	
19/11/19	-0.57	-0.57		
20/11/19	1.44	1.19	29.53	
21/11/19	0.45	0.33		
22/11/19	-0.53	-0.53		
23/11/19	-0.52	-0.52	30.19	
24/11/19	-0.51	-0.51	30.65	
25/11/19	-0.49	-0.49	29.66	
26/11/19	-0.48	-0.48	30.54	
27/11/19	-0.47	-0.47	30.53	
28/11/19	-0.45	-0.45	30.59	
29/11/19	8.56	7.48	30.66	
30/11/19	2.58	2.21	30.40	
01/12/19	-0.41	-0.41	29.70	
02/12/19	-0.40	-0.40	29.60	
03/12/19	-0.38	-0.38	30.06	
04/12/19	-0.37	-0.37	30.19	
05/12/19	-0.36	-0.36	30.21	
06/12/19	-0.34	-0.34	29.95	
07/12/19	6.67	5.84	30.16	
08/12/19	-0.32	-0.32	29.37	
09/12/19	0.70	0.58	29.17	
10/12/19	8.71	7.66	30.44	
11/12/19	-0.28	-0.28	30.32	
12/12/19	-0.26	-0.26	30.16	
13/12/19	-0.25	-0.25	30.10	
14/12/19	4.76	4.19	30.11	
15/12/19	-0.22	-0.22	30.11	
16/12/19	-0.22	-0.22	29.97	
17/12/19	42.88	37.93	31.22	
18/12/19	-0.22	-0.22	30.60	
19/12/19	-0.22	-0.22	29.60	
20/12/19	-0.22	-0.22		
21/12/19	15.78	13.96	30.31	
22/12/19	9.78	8.65	30.53	
23/12/19	8.78	7.76	30.25	
24/12/19	4.78	4.22	31.05	
25/12/19	14.78	13.09	30.72	
26/12/19	4.78	4.22	31.40	
27/12/19	-0.22	-0.22	31.08	
28/12/19	-0.22	-0.22	31.08	
29/12/19	-0.22	-0.22	30.81	
30/12/19	-0.22	-0.22	30.69	
31/12/19	1.78	1.56	30.58	